Workbook
Name BULLONI: 'DATI-BULLONERIA'!$A$4:$D$34
Name ELETTROMECC: 'DATI-ELETTROMECCANICA'!$A$4:$F$15
Name L_ASSE: 'TRACKER 18 MODULI'!$C$19
Name L_ASSE: 'TRACKER 20 MODULI'!$C$19
Name L_ASSE: 'TRACKER 22 MODULI'!$C$19
Name L_ASSE: 'TRACKER 36 MODULI'!$C$19
Name L_ASSE: 'TRACKER 40 MODULI'!$C$19
Name L_ASSE: INPUT!$C$19
Name L_ASSE_EXT: 'TRACKER 18 MODULI'!$C$22
Name L_ASSE_EXT: 'TRACKER 20 MODULI'!$C$22
Name L_ASSE_EXT: 'TRACKER 22 MODULI'!$C$22
Name L_ASSE_EXT: 'TRACKER 36 MODULI'!$C$22
Name L_ASSE_EXT: 'TRACKER 40 MODULI'!$C$22
Name L_CUSC: 'TRACKER 18 MODULI'!$C$17
Name L_CUSC: 'TRACKER 20 MODULI'!$C$17
Name L_CUSC: 'TRACKER 22 MODULI'!$C$17
Name L_CUSC: 'TRACKER 36 MODULI'!$C$17
Name L_CUSC: 'TRACKER 40 MODULI'!$C$17
Name L_CUSC: INPUT!$C$17
Name L_FOND: 'TRACKER 18 MODULI'!$C$13
Name L_FOND: 'TRACKER 20 MODULI'!$C$13
Name L_FOND: 'TRACKER 22 MODULI'!$C$13
Name L_FOND: 'TRACKER 36 MODULI'!$C$13
Name L_FOND: 'TRACKER 40 MODULI'!$C$13
Name L_FOND: INPUT!$C$13
Name L_MOT: 'TRACKER 18 MODULI'!$C$15
Name L_MOT: 'TRACKER 20 MODULI'!$C$15
Name L_MOT: 'TRACKER 22 MODULI'!$C$15
Name L_MOT: 'TRACKER 36 MODULI'!$C$15
Name L_MOT: 'TRACKER 40 MODULI'!$C$15
Name L_MOT: INPUT!$C$15
Name N_ANEMOMETRO: INPUT!$C$26
Name N_CENTRALINAM: INPUT!$C$24
Name N_CUSC: 'TRACKER 18 MODULI'!$C$8
Name N_CUSC: 'TRACKER 20 MODULI'!$C$8
Name N_CUSC: 'TRACKER 22 MODULI'!$C$8
Name N_CUSC: 'TRACKER 36 MODULI'!$C$8
Name N_CUSC: 'TRACKER 40 MODULI'!$C$8
Name N_CUSC: INPUT!$C$8
Name N_MOT: 'TRACKER 18 MODULI'!$C$7
Name N_MOT: 'TRACKER 20 MODULI'!$C$7
Name N_MOT: 'TRACKER 22 MODULI'!$C$7
Name N_MOT: 'TRACKER 36 MODULI'!$C$7
Name N_MOT: 'TRACKER 40 MODULI'!$C$7
Name N_MOT: INPUT!$C$7
Name N_OMEGA: 'TRACKER 18 MODULI'!$C$9
Name N_OMEGA: 'TRACKER 20 MODULI'!$C$9
Name N_OMEGA: 'TRACKER 22 MODULI'!$C$9
Name N_OMEGA: 'TRACKER 36 MODULI'!$C$9
Name N_OMEGA: 'TRACKER 40 MODULI'!$C$9
Name N_OMEGA: INPUT!$C$9
Name N_PANN: 'TRACKER 18 MODULI'!$C$10
Name N_PANN: 'TRACKER 20 MODULI'!$C$10
Name N_PANN: 'TRACKER 22 MODULI'!$C$10
Name N_PANN: 'TRACKER 36 MODULI'!$C$10
Name N_PANN: 'TRACKER 40 MODULI'!$C$10
Name N_PANN: INPUT!$C$10
Name N_PIRANOMETRO: INPUT!$C$25
Name N_QUADA: INPUT!$C$22
Name N_QUADGEN: INPUT!$C$23

Sheet INDICE
A1: CONFIGURATORE TRACKER 1303 – indice del file (prototipo riordinato, scheda 12 moduli)
A2: Questo file riorganizza la scheda 12 moduli in 4 fogli distinti (INPUT / DISTINTA / RIEPILOGO / PREZZO FINALE) al posto delle sezioni sovrapposte per colonna del file originale, a scopo di validazione. Le altre 5 schede (18/20/22/36/40 moduli) restano per ora nel formato originale. Il foglio 12 moduli originale e' conservato nascosto in fondo al file (_ARCHIVIO) per confronto.
A4: Foglio | B4: Contenuto
A5: INPUT | B5: Parametri di configurazione del tracker 12 moduli (numero pilastri/omega/pannelli, profili, lunghezze, tipo impianto).
A6: DISTINTA | B6: Distinta materiali completa: 8 blocchi di assieme (Pilastro motore, Pilastro cuscinetto, Assi di rotazione, Kit omega+pannelli, Kit inclinometro, Quadro Area A, Quadro Generale, Centralina meteo).
A7: RIEPILOGO | B7: Pesi e costi totali per blocco di assieme e per categoria componente (Struttura / Pezzi speciali / Bulloneria / Elettromeccanica).
A8: PREZZO FINALE | B8: Scomposizione del prezzo (Materiale / Zincatura / Lavorazione / Commerciale) e incidenza percentuale dei costi sul prodotto.
A9: DISTINTA PER KIT | B9: Vista della distinta ordinata per kit di montaggio, collegata in automatico al foglio DISTINTA.
A10: DISTINTA PER FAMIGLIA | B10: Vista della distinta ordinata per categoria componente, collegata in automatico al foglio DISTINTA.
A11: TRACKER 18/20/22/36/40 MODULI | B11: Le altre 5 configurazioni del tracker. Non ancora riorganizzate: mantengono il formato originale in attesa di validazione di questo nuovo layout.
A12: OPZIONI | B12: Liste a discesa (profili, lunghezze, spessori) usate dai menu del foglio INPUT.
A13: DATI-STRUTTURA | B13: Profili a barra e pezzi di carpenteria in IPE140: pesi e prezzi usati dal configuratore.
A14: DATI-PEZZI SPECIALI | B14: Pezzi di carpenteria a listino: pesi e prezzi usati dal configuratore.
A15: DATI-BULLONERIA | B15: Bulloneria: pesi e prezzi usati dal configuratore.
... A17: DATI-QUADRO SOTTOMOTORE / AREA A / GENERALE / BOX CENTRALINA METEO | B17: Sotto-distinte di dettaglio dei quadri elettrici: elenco componenti con relativo costo, sommato nel foglio DATI-ELETTROMECCANICA.

Sheet INPUT
A1: INPUT – Scelte di configurazione (12 moduli)
A2: Celle gialle = da impostare. La distinta materiali si trova nel foglio DISTINTA.
A4: 1 · SCELTE DI CONFIGURAZIONE
A5: Parametro | C5: Valore | E5: Opzioni / note
A6: N. moduli tracker | C6: 12 | E6: fisso in questa fase
A7: N. pilastro motore | C7: 1 | E7: 1 per tracker
A8: N. pilastro cuscinetto | C8: 2 | E8: 12 moduli = 1 pilastro motore + 2 pilastri cuscinetto
A9: N. kit omega (supporto pannello) | C9: 14 | E9: 12 moduli
A10: N. kit pannello | C10: 12 | E10: 1 per modulo
A11: Tipo impianto | C11: Agrivoltaico | E11: Agrivoltaico = pilastri in 2 pezzi + piastre di giunzione · Basso = pilastro unico, senza piastre (cuscinetto da 2,80)
A12: Profilo pilastro fondazione | C12: IPE 140 | E12: IPE 140 / IPEA 140 (alleggerita)
A13: Lunghezza pilastro fondazione | C13: 3 | E13: m - 2,60 ... 3,60 (usato solo con Agrivoltaico)
A14: Profilo pilastro motore | C14: IPE 140 | E14: IPE 140 / IPEA 140
A15: Lunghezza pilastro motore | C15: =L_CUSC-0.08 -> 2.22 | E15: m - automatico: = pilastro cuscinetto - 0,08
A16: Profilo pilastro cuscinetto | C16: IPE 140 | E16: IPE 140 / IPEA 140
A17: Lunghezza pilastro cuscinetto | C17: 2.3 | E17: m - Agrivoltaico: da 2,30 · Basso: da 2,80
A18: Asse di rotazione - spessore | C18: 2,5 mm | E18: 3,0 mm = 120x120x3 / 2,5 mm = 120x120x2,5
A19: Asse lato motore - lunghezza | C19: 8.25 | E19: m - fisso da configurazione 12 moduli (2 assi)
A20: Omega supporto pannello | C20: OMEGA 2,0 | E20: OMEGA 2,0 / OMEGA 1,8
A21: Maggiorazione zincatura | C21: 0.025 | E21: da SCHEDA STRUTTURA (su peso e su costo zincatura)
A22: N. Quadri Area A | C22: 1 | E22: Quantita' decisa in base all'estensione del campo / esigenza commessa (NON e' 1 per tracker).
A23: N. Quadri Generali | C23: 1 | E23: Quantita' decisa in base all'estensione del campo / esigenza commessa.
A24: N. Box centralina meteo | C24: 1 | E24: Quantita' decisa per commessa.
A25: N. Piranometri | C25: 1 | E25: Quantita' decisa per commessa; puo' differire dal numero di centraline.
A26: N. Anemometri | C26: 1 | E26: Quantita' decisa per commessa; puo' differire dal numero di centraline.
A27: N. Termometri aria | C27: 1 | E27: Quantita' decisa per commessa; puo' differire dal numero di centraline.
A28: N. Termometri a contatto | C28: 1 | E28: Quantita' decisa per commessa; puo' differire dal numero di centraline.
A29: N. Tracker (12 moduli) nell’impianto | C29: 1 | E29: Quante unita' tracker 12 moduli (con questa configurazione) compongono l'impianto/commessa. NON moltiplica Quadro Area A, Quadro Generale, Centralina meteo/sensori (costi di impianto, indipendenti dal numero di tracker): vedi sezione 6 in RIEPILOGO e PREZZO FINALE.

Sheet DISTINTA
H1: DISTINTA – Distinta configurata 12 moduli
H2: Pesi e prezzi da SCHEDA STRUTTURA / PEZZI SPECIALI / BULLONERIA / ELETTROMECCANICA. I parametri di configurazione sono nel foglio INPUT.
H4: 2 · DISTINTA CONFIGURATA – 12 MODULI
H5: Blocco | I5: Pos. | J5: Codice | K5: Descrizione | L5: Categoria | M5: Profilo / tipo | N5: Lungh. (m) | O5: Q.tà tracker | P5: Peso unit. (kg) | Q5: Peso tot. (kg) | R5: Prezzo unit. (€) | S5: Importo (€) | T5: Materiale (€) | U5: Zincatura (€) | V5: Lavorazione (€) | W5: Commerciale (€) | X5: Prezzo finale (€)
H6: PILASTRO MOTORE | I6: 1 | J6: ="TTS.PF.001."&IF(PROF_FOND="IPEA 140","IPEA140","IPE140")&"."&TEXT(INT(L_FOND*10+0.05),"00") -> TTS.PF.001.IPE140.30 | K6: ="Pilastro fondazione trave "&PROF_FOND&" mt."&TEXT(L_FOND,"0.00") -> Pilastro fondazione trave IPE 140 mt.003 | L6: STRUTTURA | M6: =PROF_FOND -> IPE 140 | N6: =L_FOND -> 3 | O6: =IF(TIPO_IMPIANTO="Basso",0,N_MOT*1) -> 1 | P6: =N6*VLOOKUP(M6,PROFILI,4,0) -> 39.6675 | Q6: =O6*P6 -> 39.6675 | R6: =P6/(1+VLOOKUP(M6,PROFILI,3,0))*VLOOKUP(M6,PROFILI,5,0)+IF(VLOOKUP(M6,PROFILI,6,0)=0,0,P6*VLOOKUP(M6,PROFILI,6,0)) -> 56.59875 | S6: =O6*R6 -> 56.59875 | T6: =O6*N6*VLOOKUP(M6,PROFILI,8,0) -> 36.765 | U6: =O6*N6*VLOOKUP(M6,PROFILI,9,0) -> 19.83375 | V6: =O6*N6*VLOOKUP(M6,PROFILI,12,0) -> 3.87 | W6: 0 | X6: =SUM(T6:W6) -> 60.46875
H7: PILASTRO MOTORE | I7: 2 | J7: ="TTS.PM.001."&IF(PROF_MOT="IPEA 140","IPEA140","IPE140")&"."&TEXT(INT(L_MOT*10+0.05),"00") -> TTS.PM.001.IPE140.22 | K7: ="Pilastro motore trave "&PROF_MOT&" mt."&TEXT(L_MOT,"0.00") -> Pilastro motore trave IPE 140 mt.002 | L7: STRUTTURA | M7: =PROF_MOT -> IPE 140 | N7: =L_MOT -> 2.22 | O7: =N_MOT*1 -> 1 | P7: =N7*VLOOKUP(M7,PROFILI,4,0) -> 29.35395 | Q7: =O7*P7 -> 29.35395 | R7: =P7/(1+VLOOKUP(M7,PROFILI,3,0))*VLOOKUP(M7,PROFILI,5,0)+IF(VLOOKUP(M7,PROFILI,6,0)=0,0,P7*VLOOKUP(M7,PROFILI,6,0)) -> 41.883075 | S7: =O7*R7 -> 41.883075 | T7: =O7*N7*VLOOKUP(M7,PROFILI,8,0) -> 27.2061 | U7: =O7*N7*VLOOKUP(M7,PROFILI,9,0) -> 14.676975 | V7: =O7*N7*VLOOKUP(M7,PROFILI,12,0) -> 2.8638 | X7: =SUM(T7:W7) -> 44.746875
H8: PILASTRO MOTORE | I8: 3 | J8: TTS.PF.002.IPE140 | K8: Piastra giunzione montanti centrali 200x100x4 (8 fori Ø11) | L8: PEZZI SPECIALI | M8: Lamiera 4mm | O8: =IF(TIPO_IMPIANTO="Basso",0,N_MOT*2) -> 2 | P8: =VLOOKUP(J8,PEZZI,7,0) -> 0.6396 | Q8: =O8*P8 -> 1.2792 | R8: =VLOOKUP(J8,PEZZI,10,0) -> 0.9126 | S8: =O8*R8 -> 1.8252 | T8: =O8*VLOOKUP(J8,PEZZI,8,0) -> 1.1856 | U8: =O8*VLOOKUP(J8,PEZZI,9,0) -> 0.6396 | V8: =O8*VLOOKUP(J8,PEZZI,12,0) -> 0.3744 | X8: =SUM(T8:W8) -> 2.1996
H9: PILASTRO MOTORE | I9: 4 | J9: TTS.PF.003.IPE140 | K9: Piastra giunzione montanti esterna 240x70x6 (12 fori Ø11) | L9: PEZZI SPECIALI | M9: Lamiera 6mm | O9: =IF(TIPO_IMPIANTO="Basso",0,N_MOT*2) -> 2 | P9: =VLOOKUP(J9,PEZZI,7,0) -> 0.805855 | Q9: =O9*P9 -> 1.61171 | R9: =VLOOKUP(J9,PEZZI,10,0) -> 1.1498175 | S9: =O9*R9 -> 2.299635 | T9: =O9*VLOOKUP(J9,PEZZI,8,0) -> 1.49378 | U9: =O9*VLOOKUP(J9,PEZZI,9,0) -> 0.805855 | V9: =O9*VLOOKUP(J9,PEZZI,12,0) -> 0.47172 | X9: =SUM(T9:W9) -> 2.771355
H10: PILASTRO MOTORE | I10: 5 | J10: TTS.PF.004.IPE140 | K10: Piastra giunzione montanti interna 240x25x6 (6 fori Ø11) | L10: PEZZI SPECIALI | M10: Lamiera 6mm | O10: =IF(TIPO_IMPIANTO="Basso",0,N_MOT*4) -> 4 | P10: =VLOOKUP(J10,PEZZI,7,0) -> 0.28782 | Q10: =O10*P10 -> 1.15128 | R10: =VLOOKUP(J10,PEZZI,10,0) -> 0.41067 | S10: =O10*R10 -> 1.64268 | T10: =O10*VLOOKUP(J10,PEZZI,8,0) -> 1.06704 | U10: =O10*VLOOKUP(J10,PEZZI,9,0) -> 0.57564 | V10: =O10*VLOOKUP(J10,PEZZI,12,0) -> 0.33696 | X10: =SUM(T10:W10) -> 1.97964
H11: PILASTRO MOTORE | I11: 6 | J11: TTS.PM.002.IPE140 | K11: Supporto laterale testa riduttore | L11: STRUTTURA | M11: Lamiera 8mm | O11: =N_MOT*2 -> 2 | P11: =VLOOKUP(J11,PEZZI_STRUTT,7,0) -> 4.68507 | Q11: =O11*P11 -> 9.37014 | R11: =VLOOKUP(J11,PEZZI_STRUTT,10,0) -> 6.684795 | S11: =O11*R11 -> 13.36959 | T11: =O11*VLOOKUP(J11,PEZZI_STRUTT,8,0) -> 8.68452 | U11: =O11*VLOOKUP(J11,PEZZI_STRUTT,9,0) -> 4.68507 | V11: =O11*VLOOKUP(J11,PEZZI_STRUTT,12,0) -> 2.74248 | X11: =SUM(T11:W11) -> 16.11207
H12: PILASTRO MOTORE | I12: 7 | J12: TTS.PM.003.IPE140 | K12: Testa riduttore pilastro motore | L12: STRUTTURA | M12: Lamiera 4mm | O12: =N_MOT*1 -> 1 | P12: =VLOOKUP(J12,PEZZI_STRUTT,7,0) -> 2.6035 | Q12: =O12*P12 -> 2.6035 | R12: =VLOOKUP(J12,PEZZI_STRUTT,10,0) -> 3.71475 | S12: =O12*R12 -> 3.71475 | T12: =O12*VLOOKUP(J12,PEZZI_STRUTT,8,0) -> 2.413 | U12: =O12*VLOOKUP(J12,PEZZI_STRUTT,9,0) -> 1.30175 | V12: =O12*VLOOKUP(J12,PEZZI_STRUTT,12,0) -> 0.762 | X12: =SUM(T12:W12) -> 4.47675
H13: PILASTRO MOTORE | I13: 8 | J13: 10BZ10X40 | K13: Bullone testa esagonale zn M10X40 | L13: BULLONERIA | O13: =IF(TIPO_IMPIANTO="Basso",0,N_MOT*32) -> 32 | P13: =VLOOKUP(J13,BULLONI,3,0) -> 0.0305 | Q13: =O13*P13 -> 0.976 | R13: =VLOOKUP(J13,BULLONI,4,0) -> 0.0708 | S13: =O13*R13 -> 2.2656 | W13: =S13 -> 2.2656 | X13: =SUM(T13:W13) -> 2.2656
H14: PILASTRO MOTORE | I14: 9 | J14: 10BZM10X40 | K14: Bullone testa esagonale M10X40 | L14: BULLONERIA | O14: =N_MOT*8 -> 8 | P14: =VLOOKUP(J14,BULLONI,3,0) -> 0.0305 | Q14: =O14*P14 -> 0.244 | R14: =VLOOKUP(J14,BULLONI,4,0) -> 0.0708 | S14: =O14*R14 -> 0.5664 | W14: =S14 -> 0.5664 | X14: =SUM(T14:W14) -> 0.5664
H15: PILASTRO MOTORE | I15: 10 | J15: 10BZM16X60 | K15: Bullone testa esagonale M16X60 | L15: BULLONERIA | O15: =N_MOT*4 -> 4 | P15: =VLOOKUP(J15,BULLONI,3,0) -> 0.11 | Q15: =O15*P15 -> 0.44 | R15: =VLOOKUP(J15,BULLONI,4,0) -> 0.2967 | S15: =O15*R15 -> 1.1868 | W15: =S15 -> 1.1868 | X15: =SUM(T15:W15) -> 1.1868
H16: PILASTRO MOTORE | I16: 11 | J16: 10ROND10 | K16: Rondella zn da 10 | L16: BULLONERIA | O16: =IF(TIPO_IMPIANTO="Basso",N_MOT*16,N_MOT*80) -> 80 | P16: =VLOOKUP(J16,BULLONI,3,0) -> 0.0039 | Q16: =O16*P16 -> 0.312 | R16: =VLOOKUP(J16,BULLONI,4,0) -> 0.0092 | S16: =O16*R16 -> 0.736 | W16: =S16 -> 0.736 | X16: =SUM(T16:W16) -> 0.736
H17: PILASTRO MOTORE | I17: 12 | J17: 10ROND16 | K17: Rondella zn da 16 | L17: BULLONERIA | O17: =N_MOT*8 -> 8 | P17: =VLOOKUP(J17,BULLONI,3,0) -> 0.0135 | Q17: =O17*P17 -> 0.108 | R17: =VLOOKUP(J17,BULLONI,4,0) -> 0.0309 | S17: =O17*R17 -> 0.2472 | W17: =S17 -> 0.2472 | X17: =SUM(T17:W17) -> 0.2472
H18: PILASTRO MOTORE | I18: 13 | J18: 10DAZAM10 | K18: Dado autobloccante M10 | L18: BULLONERIA | O18: =IF(TIPO_IMPIANTO="Basso",N_MOT*8,N_MOT*40) -> 40 | P18: =VLOOKUP(J18,BULLONI,3,0) -> 0.009 | Q18: =O18*P18 -> 0.36 | R18: =VLOOKUP(J18,BULLONI,4,0) -> 0.0265 | S18: =O18*R18 -> 1.06 | W18: =S18 -> 1.06 | X18: =SUM(T18:W18) -> 1.06
H19: PILASTRO MOTORE | I19: 14 | J19: 10DAZAM16 | K19: Dado autobloccante M16 | L19: BULLONERIA | O19: =N_MOT*4 -> 4 | P19: =VLOOKUP(J19,BULLONI,3,0) -> 0.036 | Q19: =O19*P19 -> 0.144 | R19: =VLOOKUP(J19,BULLONI,4,0) -> 0.0882 | S19: =O19*R19 -> 0.3528 | W19: =S19 -> 0.3528 | X19: =SUM(T19:W19) -> 0.3528
H20: PILASTRO MOTORE | I20: 15 | J20: 15T-MOTORIDUTTORE | K20: Motoriduttore | L20: ELETTROMECCANICA | O20: =N_MOT*1 -> 1 | P20: =VLOOKUP(J20,ELETTROMECC,3,0) -> 50 | Q20: =O20*P20 -> 50 | R20: =VLOOKUP(J20,ELETTROMECC,6,0) -> 300 | S20: =O20*R20 -> 300 | W20: =S20 -> 300 | X20: =SUM(T20:W20) -> 300
H21: PILASTRO MOTORE | I21: 16 | J21: 15T-QDSTMOTORE | K21: Quadro sotto motore | L21: ELETTROMECCANICA | O21: =N_MOT*1 -> 1 | P21: =VLOOKUP(J21,ELETTROMECC,3,0) -> 5 | Q21: =O21*P21 -> 5 | R21: =VLOOKUP(J21,ELETTROMECC,6,0) -> 160 | S21: =O21*R21 -> 160 | W21: =S21 -> 160 | X21: =SUM(T21:W21) -> 160
H22: PILASTRO MOTORE | I22: 17 | J22: 10S-FC | K22: Finecorsa elettrico | L22: ELETTROMECCANICA | O22: =N_MOT*1 -> 1 | P22: =VLOOKUP(J22,ELETTROMECC,3,0) -> 0.8 | Q22: =O22*P22 -> 0.8 | R22: =VLOOKUP(J22,ELETTROMECC,6,0) -> 27 | S22: =O22*R22 -> 27 | W22: =S22 -> 27 | X22: =SUM(T22:W22) -> 27
K23: ▸ PILASTRO MOTORE – TOTALE | Q23: =SUM(Q6:Q22) -> 143.42128 | S23: =SUM(S6:S22) -> 614.74848 | T23: =SUM(T6:T22) -> 78.81504 | U23: =SUM(U6:U22) -> 42.51864 | V23: =SUM(V6:V22) -> 11.42136 | W23: =SUM(W6:W22) -> 493.4148 | X23: =SUM(X6:X22) -> 626.16984
H24: PILASTRO CUSCINETTO | I24: 1 | J24: ="TTS.PF.001."&IF(PROF_FOND="IPEA 140","IPEA140","IPE140")&"."&TEXT(INT(L_FOND*10+0.05),"00") -> TTS.PF.001.IPE140.30 | K24: ="Pilastro fondazione trave "&PROF_FOND&" mt."&TEXT(L_FOND,"0.00") -> Pilastro fondazione trave IPE 140 mt.003 | L24: STRUTTURA | M24: =PROF_FOND -> IPE 140 | N24: =L_FOND -> 3 | O24: =IF(TIPO_IMPIANTO="Basso",0,N_CUSC*1) -> 2 | P24: =N24*VLOOKUP(M24,PROFILI,4,0) -> 39.6675 | Q24: =O24*P24 -> 79.335 | R24: =P24/(1+VLOOKUP(M24,PROFILI,3,0))*VLOOKUP(M24,PROFILI,5,0)+IF(VLOOKUP(M24,PROFILI,6,0)=0,0,P24*VLOOKUP(M24,PROFILI,6,0)) -> 56.59875 | S24: =O24*R24 -> 113.1975 | T24: =O24*N24*VLOOKUP(M24,PROFILI,8,0) -> 73.53 | U24: =O24*N24*VLOOKUP(M24,PROFILI,9,0) -> 39.6675 | V24: =O24*N24*VLOOKUP(M24,PROFILI,12,0) -> 7.74 | X24: =SUM(T24:W24) -> 120.9375
H25: PILASTRO CUSCINETTO | I25: 2 | J25: ="TTS.PC.001."&IF(PROF_CUSC="IPEA 140","IPEA140","IPE140")&"."&TEXT(INT(L_CUSC*10+0.05),"00") -> TTS.PC.001.IPE140.23 | K25: ="Pilastro cuscinetto trave "&PROF_CUSC&" mt."&TEXT(L_CUSC,"0.00") -> Pilastro cuscinetto trave IPE 140 mt.002 | L25: STRUTTURA | M25: =PROF_CUSC -> IPE 140 | N25: =L_CUSC -> 2.3 | O25: =N_CUSC*1 -> 2 | P25: =N25*VLOOKUP(M25,PROFILI,4,0) -> 30.41175 | Q25: =O25*P25 -> 60.8235 | R25: =P25/(1+VLOOKUP(M25,PROFILI,3,0))*VLOOKUP(M25,PROFILI,5,0)+IF(VLOOKUP(M25,PROFILI,6,0)=0,0,P25*VLOOKUP(M25,PROFILI,6,0)) -> 43.392375 | S25: =O25*R25 -> 86.78475 | T25: =O25*N25*VLOOKUP(M25,PROFILI,8,0) -> 56.373 | U25: =O25*N25*VLOOKUP(M25,PROFILI,9,0) -> 30.41175 | V25: =O25*N25*VLOOKUP(M25,PROFILI,12,0) -> 5.934 | X25: =SUM(T25:W25) -> 92.71875
H26: PILASTRO CUSCINETTO | I26: 3 | J26: TTS.PF.002.IPE140 | K26: Piastra giunzione montanti centrali 200x100x4 (8 fori Ø11) | L26: PEZZI SPECIALI | M26: Lamiera 4mm | O26: =IF(TIPO_IMPIANTO="Basso",0,N_CUSC*2) -> 4 | P26: =VLOOKUP(J26,PEZZI,7,0) -> 0.6396 | Q26: =O26*P26 -> 2.5584 | R26: =VLOOKUP(J26,PEZZI,10,0) -> 0.9126 | S26: =O26*R26 -> 3.6504 | T26: =O26*VLOOKUP(J26,PEZZI,8,0) -> 2.3712 | U26: =O26*VLOOKUP(J26,PEZZI,9,0) -> 1.2792 | V26: =O26*VLOOKUP(J26,PEZZI,12,0) -> 0.7488 | X26: =SUM(T26:W26) -> 4.3992
H27: PILASTRO CUSCINETTO | I27: 4 | J27: TTS.PF.003.IPE140 | K27: Piastra giunzione montanti esterna 240x70x6 (12 fori Ø11) | L27: PEZZI SPECIALI | M27: Lamiera 6mm | O27: =IF(TIPO_IMPIANTO="Basso",0,N_CUSC*2) -> 4 | P27: =VLOOKUP(J27,PEZZI,7,0) -> 0.805855 | Q27: =O27*P27 -> 3.22342 | R27: =VLOOKUP(J27,PEZZI,10,0) -> 1.1498175 | S27: =O27*R27 -> 4.59927 | T27: =O27*VLOOKUP(J27,PEZZI,8,0) -> 2.98756 | U27: =O27*VLOOKUP(J27,PEZZI,9,0) -> 1.61171 | V27: =O27*VLOOKUP(J27,PEZZI,12,0) -> 0.94344 | X27: =SUM(T27:W27) -> 5.54271
H28: PILASTRO CUSCINETTO | I28: 5 | J28: TTS.PF.004.IPE140 | K28: Piastra giunzione montanti interna 240x25x6 (6 fori Ø11) | L28: PEZZI SPECIALI | M28: Lamiera 6mm | O28: =IF(TIPO_IMPIANTO="Basso",0,N_CUSC*4) -> 8 | P28: =VLOOKUP(J28,PEZZI,7,0) -> 0.28782 | Q28: =O28*P28 -> 2.30256 | R28: =VLOOKUP(J28,PEZZI,10,0) -> 0.41067 | S28: =O28*R28 -> 3.28536 | T28: =O28*VLOOKUP(J28,PEZZI,8,0) -> 2.13408 | U28: =O28*VLOOKUP(J28,PEZZI,9,0) -> 1.15128 | V28: =O28*VLOOKUP(J28,PEZZI,12,0) -> 0.67392 | X28: =SUM(T28:W28) -> 3.95928
H29: PILASTRO CUSCINETTO | I29: 6 | J29: TTS.PC.002.IPE140 | K29: Supporto laterale testa cuscinetto | L29: STRUTTURA | M29: Tubo quadro80x80x 6 | O29: =N_CUSC*2 -> 4 | P29: =VLOOKUP(J29,PEZZI_STRUTT,7,0) -> 2.20662 | Q29: =O29*P29 -> 8.82648 | R29: =VLOOKUP(J29,PEZZI_STRUTT,10,0) -> 3.14847 | S29: =O29*R29 -> 12.59388 | T29: =O29*VLOOKUP(J29,PEZZI_STRUTT,8,0) -> 8.18064 | U29: =O29*VLOOKUP(J29,PEZZI_STRUTT,9,0) -> 4.41324 | V29: =O29*VLOOKUP(J29,PEZZI_STRUTT,12,0) -> 2.58336 | X29: =SUM(T29:W29) -> 15.17724
H30: PILASTRO CUSCINETTO | I30: 7 | J30: TTS.PC.003.IPE140 | K30: Supporto testa cuscinetto | L30: STRUTTURA | M30: Lamiera 6mm | O30: =N_CUSC*1 -> 2 | P30: =VLOOKUP(J30,PEZZI_STRUTT,7,0) -> 2.79374 | Q30: =O30*P30 -> 5.58748 | R30: =VLOOKUP(J30,PEZZI_STRUTT,10,0) -> 3.98619 | S30: =O30*R30 -> 7.97238 | T30: =O30*VLOOKUP(J30,PEZZI_STRUTT,8,0) -> 5.17864 | U30: =O30*VLOOKUP(J30,PEZZI_STRUTT,9,0) -> 2.79374 | V30: =O30*VLOOKUP(J30,PEZZI_STRUTT,12,0) -> 1.63536 | X30: =SUM(T30:W30) -> 9.60774
H31: PILASTRO CUSCINETTO | I31: 8 | J31: 10BZ10X30 | K31: Bullone testa esagonale M10X30 | L31: BULLONERIA | O31: =N_CUSC*4 -> 8 | P31: =VLOOKUP(J31,BULLONI,3,0) -> 0.0245 | Q31: =O31*P31 -> 0.196 | R31: =VLOOKUP(J31,BULLONI,4,0) -> 0.0634 | S31: =O31*R31 -> 0.5072 | W31: =S31 -> 0.5072 | X31: =SUM(T31:W31) -> 0.5072
H32: PILASTRO CUSCINETTO | I32: 9 | J32: 10BZ16X140 | K32: Bullone testa esagonale M16x140 mezzo filetto | L32: BULLONERIA | O32: =N_CUSC*2 -> 4 | P32: =VLOOKUP(J32,BULLONI,3,0) -> 0.21 | Q32: =O32*P32 -> 0.84 | R32: =VLOOKUP(J32,BULLONI,4,0) -> 0.5589 | S32: =O32*R32 -> 2.2356 | W32: =S32 -> 2.2356 | X32: =SUM(T32:W32) -> 2.2356
H33: PILASTRO CUSCINETTO | I33: 10 | J33: 10BZM10X40 | K33: Bullone testa esagonale M10X40 | L33: BULLONERIA | O33: =IF(TIPO_IMPIANTO="Basso",0,N_CUSC*32) -> 64 | P33: =VLOOKUP(J33,BULLONI,3,0) -> 0.0305 | Q33: =O33*P33 -> 1.952 | R33: =VLOOKUP(J33,BULLONI,4,0) -> 0.0708 | S33: =O33*R33 -> 4.5312 | W33: =S33 -> 4.5312 | X33: =SUM(T33:W33) -> 4.5312
H34: PILASTRO CUSCINETTO | I34: 11 | J34: 10ROND10 | K34: Rondella zn da 10 | L34: BULLONERIA | O34: =IF(TIPO_IMPIANTO="Basso",N_CUSC*8,N_CUSC*72) -> 144 | P34: =VLOOKUP(J34,BULLONI,3,0) -> 0.0039 | Q34: =O34*P34 -> 0.5616 | R34: =VLOOKUP(J34,BULLONI,4,0) -> 0.0092 | S34: =O34*R34 -> 1.3248 | W34: =S34 -> 1.3248 | X34: =SUM(T34:W34) -> 1.3248
H35: PILASTRO CUSCINETTO | I35: 12 | J35: 10ROND16 | K35: Rondella zn da 16 | L35: BULLONERIA | O35: =N_CUSC*4 -> 8 | P35: =VLOOKUP(J35,BULLONI,3,0) -> 0.0135 | Q35: =O35*P35 -> 0.108 | R35: =VLOOKUP(J35,BULLONI,4,0) -> 0.0309 | S35: =O35*R35 -> 0.2472 | W35: =S35 -> 0.2472 | X35: =SUM(T35:W35) -> 0.2472
H36: PILASTRO CUSCINETTO | I36: 13 | J36: 10DAZAM10 | K36: Dado autobloccante M10 | L36: BULLONERIA | O36: =IF(TIPO_IMPIANTO="Basso",N_CUSC*4,N_CUSC*36) -> 72 | P36: =VLOOKUP(J36,BULLONI,3,0) -> 0.009 | Q36: =O36*P36 -> 0.648 | R36: =VLOOKUP(J36,BULLONI,4,0) -> 0.0265 | S36: =O36*R36 -> 1.908 | W36: =S36 -> 1.908 | X36: =SUM(T36:W36) -> 1.908
H37: PILASTRO CUSCINETTO | I37: 14 | J37: 10DAZAM16 | K37: Dado autobloccante M16 | L37: BULLONERIA | O37: =N_CUSC*2 -> 4 | P37: =VLOOKUP(J37,BULLONI,3,0) -> 0.036 | Q37: =O37*P37 -> 0.144 | R37: =VLOOKUP(J37,BULLONI,4,0) -> 0.0882 | S37: =O37*R37 -> 0.3528 | W37: =S37 -> 0.3528 | X37: =SUM(T37:W37) -> 0.3528
H38: PILASTRO CUSCINETTO | I38: 15 | J38: 15T-CUSCINETTO | K38: Cuscinetto asse di rotazione | L38: ELETTROMECCANICA | O38: =N_CUSC*1 -> 2 | P38: =VLOOKUP(J38,ELETTROMECC,3,0) -> 3 | Q38: =O38*P38 -> 6 | R38: =VLOOKUP(J38,ELETTROMECC,6,0) -> 14 | S38: =O38*R38 -> 28 | W38: =S38 -> 28 | X38: =SUM(T38:W38) -> 28
K39: ▸ PILASTRO CUSCINETTO – TOTALE | Q39: =SUM(Q24:Q38) -> 173.10644 | S39: =SUM(S24:S38) -> 271.19034 | T39: =SUM(T24:T38) -> 150.75512 | U39: =SUM(U24:U38) -> 81.32842 | V39: =SUM(V24:V38) -> 20.25888 | W39: =SUM(W24:W38) -> 39.1068 | X39: =SUM(X24:X38) -> 291.44922
H40: ASSI DI ROTAZIONE 1303 | I40: 1 | J40: =IF(SPES_ASSE="2,5 mm","TTS.AR.001.8250.25","TTS.AR.001.8250") -> TTS.AR.001.8250.25 | K40: ="Asse lato motore 120x120x"&IF(SPES_ASSE="2,5 mm","2,5","3")&" mm lungh. mt."&TEXT(L_ASSE,"0.00") -> Asse lato motore 120x120x2,5 mm lungh. mt.008 | L40: STRUTTURA | M40: =IF(SPES_ASSE="2,5 mm","ASSE 120x120x2,5","ASSE 120x120x3") -> ASSE 120x120x2,5 | N40: =L_ASSE -> 8.25 | O40: 2 | P40: =N40*VLOOKUP(M40,PROFILI,4,0) -> 77.7975 | Q40: =O40*P40 -> 155.595 | R40: =P40/(1+VLOOKUP(M40,PROFILI,3,0))*VLOOKUP(M40,PROFILI,5,0)+IF(VLOOKUP(M40,PROFILI,6,0)=0,0,P40*VLOOKUP(M40,PROFILI,6,0)) -> 94.875 | S40: =O40*R40 -> 189.75 | T40: =O40*N40*VLOOKUP(M40,PROFILI,8,0) -> 189.75 | U40: =O40*N40*VLOOKUP(M40,PROFILI,9,0) -> 0 | V40: =O40*N40*VLOOKUP(M40,PROFILI,12,0) -> 45.54 | X40: =SUM(T40:W40) -> 235.29
K41: ▸ ASSI DI ROTAZIONE 1303 – TOTALE | Q41: =SUM(Q40:Q40) -> 155.595 | S41: =SUM(S40:S40) -> 189.75 | T41: =SUM(T40:T40) -> 189.75 | U41: =SUM(U40:U40) -> 0 | V41: =SUM(V40:V40) -> 45.54 | W41: =SUM(W40:W40) -> 0 | X41: =SUM(X40:X40) -> 235.29
H42: KIT OMEGA + PANNELLI | I42: 1 | J42: =IF(PROF_OMEGA="OMEGA 1,8","TTS.AR.3014.18","TTS.AR.3014") -> TTS.AR.3014 | K42: ="Omega supporto pannello"&IF(PROF_OMEGA="OMEGA 1,8"," mm1,8","") -> Omega supporto pannello | L42: STRUTTURA | M42: =PROF_OMEGA -> OMEGA 2,0 | N42: 1.5 | O42: =N_OMEGA*1 -> 14 | P42: =N42*VLOOKUP(M42,PROFILI,4,0) -> 5.99625 | Q42: =O42*P42 -> 83.9475 | R42: =P42/(1+VLOOKUP(M42,PROFILI,3,0))*VLOOKUP(M42,PROFILI,5,0)+IF(VLOOKUP(M42,PROFILI,6,0)=0,0,P42*VLOOKUP(M42,PROFILI,6,0)) -> 5.5575 | S42: =O42*R42 -> 77.805 | T42: =O42*N42*VLOOKUP(M42,PROFILI,8,0) -> 77.805 | U42: =O42*N42*VLOOKUP(M42,PROFILI,9,0) -> 0 | V42: =O42*N42*VLOOKUP(M42,PROFILI,12,0) -> 24.57 | X42: =SUM(T42:W42) -> 102.375
H43: KIT OMEGA + PANNELLI | I43: 2 | J43: TTS.AR.3011 | K43: Supporto a L superiore omega | L43: STRUTTURA | M43: SUPPORTO L | N43: 0.63 | O43: =N_OMEGA*2 -> 28 | P43: =N43*VLOOKUP(M43,PROFILI,4,0) -> 0.87822 | Q43: =O43*P43 -> 24.59016 | R43: =P43/(1+VLOOKUP(M43,PROFILI,3,0))*VLOOKUP(M43,PROFILI,5,0)+IF(VLOOKUP(M43,PROFILI,6,0)=0,0,P43*VLOOKUP(M43,PROFILI,6,0)) -> 1.011024 | S43: =O43*R43 -> 28.308672 | T43: =O43*N43*VLOOKUP(M43,PROFILI,8,0) -> 28.308672 | U43: =O43*N43*VLOOKUP(M43,PROFILI,9,0) -> 0 | V43: =O43*N43*VLOOKUP(M43,PROFILI,12,0) -> 7.19712 | X43: =SUM(T43:W43) -> 35.505792
H44: KIT OMEGA + PANNELLI | I44: 3 | J44: TTS.AR.3012 | K44: Supporto a V inferiore omega | L44: STRUTTURA | M44: SUPPORTO V | N44: 1 | O44: =N_OMEGA*2 -> 28 | P44: =N44*VLOOKUP(M44,PROFILI,4,0) -> 0.42025 | Q44: =O44*P44 -> 11.767 | R44: =P44/(1+VLOOKUP(M44,PROFILI,3,0))*VLOOKUP(M44,PROFILI,5,0)+IF(VLOOKUP(M44,PROFILI,6,0)=0,0,P44*VLOOKUP(M44,PROFILI,6,0)) -> 0.451 | S44: =O44*R44 -> 12.628 | T44: =O44*N44*VLOOKUP(M44,PROFILI,8,0) -> 12.628 | U44: =O44*N44*VLOOKUP(M44,PROFILI,9,0) -> 0 | V44: =O44*N44*VLOOKUP(M44,PROFILI,12,0) -> 3.444 | X44: =SUM(T44:W44) -> 16.072
H45: KIT OMEGA + PANNELLI | I45: 4 | J45: TTS.AR.3013 | K45: Gaffa sotto omega | L45: STRUTTURA | M45: GAFFA | N45: 1 | O45: =N_OMEGA*1 -> 14 | P45: =N45*VLOOKUP(M45,PROFILI,4,0) -> 1.312 | Q45: =O45*P45 -> 18.368 | R45: =P45/(1+VLOOKUP(M45,PROFILI,3,0))*VLOOKUP(M45,PROFILI,5,0)+IF(VLOOKUP(M45,PROFILI,6,0)=0,0,P45*VLOOKUP(M45,PROFILI,6,0)) -> 2.1376 | S45: =O45*R45 -> 29.9264 | T45: =O45*N45*VLOOKUP(M45,PROFILI,8,0) -> 15.232 | U45: =O45*N45*VLOOKUP(M45,PROFILI,9,0) -> 14.6944 | V45: =O45*N45*VLOOKUP(M45,PROFILI,12,0) -> 5.376 | X45: =SUM(T45:W45) -> 35.3024
H46: KIT OMEGA + PANNELLI | I46: 5 | J46: 10BZM6X150 | K46: Bullone testa esagonale zn M6X150 | L46: BULLONERIA | O46: =N_OMEGA*2 -> 28 | P46: =VLOOKUP(J46,BULLONI,3,0) -> 0.026 | Q46: =O46*P46 -> 0.728 | R46: =VLOOKUP(J46,BULLONI,4,0) -> 0.2214 | S46: =O46*R46 -> 6.1992 | W46: =S46 -> 6.1992 | X46: =SUM(T46:W46) -> 6.1992
H47: KIT OMEGA + PANNELLI | I47: 6 | J47: 10BZM8X25 | K47: Bullone testa esagonale zn M8X25 | L47: BULLONERIA | O47: =N_OMEGA*4+N_PANN*4 -> 104 | P47: =VLOOKUP(J47,BULLONI,3,0) -> 0.0129 | Q47: =O47*P47 -> 1.3416 | R47: =VLOOKUP(J47,BULLONI,4,0) -> 0.0297 | S47: =O47*R47 -> 3.0888 | W47: =S47 -> 3.0888 | X47: =SUM(T47:W47) -> 3.0888
H48: KIT OMEGA + PANNELLI | I48: 7 | J48: 10BZM10X160 | K48: Bullone testa esagonale zn M10X160 | L48: BULLONERIA | O48: =N_OMEGA*4 -> 56 | P48: =VLOOKUP(J48,BULLONI,3,0) -> 0.095 | Q48: =O48*P48 -> 5.32 | R48: =VLOOKUP(J48,BULLONI,4,0) -> 0.2686 | S48: =O48*R48 -> 15.0416 | W48: =S48 -> 15.0416 | X48: =SUM(T48:W48) -> 15.0416
H49: KIT OMEGA + PANNELLI | I49: 8 | J49: 10ROND6 | K49: Rondella zn 6 | L49: BULLONERIA | O49: =N_OMEGA*4 -> 56 | P49: =VLOOKUP(J49,BULLONI,3,0) -> 0.0011 | Q49: =O49*P49 -> 0.0616 | R49: =VLOOKUP(J49,BULLONI,4,0) -> 0.0036 | S49: =O49*R49 -> 0.2016 | W49: =S49 -> 0.2016 | X49: =SUM(T49:W49) -> 0.2016
H50: KIT OMEGA + PANNELLI | I50: 9 | J50: 10ROND8 | K50: Rondella zn 8 | L50: BULLONERIA | O50: =N_OMEGA*8+N_PANN*5 -> 172 | P50: =VLOOKUP(J50,BULLONI,3,0) -> 0.0021 | Q50: =O50*P50 -> 0.3612 | R50: =VLOOKUP(J50,BULLONI,4,0) -> 0.0049 | S50: =O50*R50 -> 0.8428 | W50: =S50 -> 0.8428 | X50: =SUM(T50:W50) -> 0.8428
H51: KIT OMEGA + PANNELLI | I51: 10 | J51: 10ROND10 | K51: Rondella zn 10 | L51: BULLONERIA | O51: =N_OMEGA*8 -> 112 | P51: =VLOOKUP(J51,BULLONI,3,0) -> 0.0039 | Q51: =O51*P51 -> 0.4368 | R51: =VLOOKUP(J51,BULLONI,4,0) -> 0.0092 | S51: =O51*R51 -> 1.0304 | W51: =S51 -> 1.0304 | X51: =SUM(T51:W51) -> 1.0304
H52: KIT OMEGA + PANNELLI | I52: 11 | J52: 10DAZAM6 | K52: Dado autobloccante M6 | L52: BULLONERIA | O52: =N_OMEGA*2 -> 28 | P52: =VLOOKUP(J52,BULLONI,3,0) -> 0.0021 | Q52: =O52*P52 -> 0.0588 | R52: =VLOOKUP(J52,BULLONI,4,0) -> 0.0078 | S52: =O52*R52 -> 0.2184 | W52: =S52 -> 0.2184 | X52: =SUM(T52:W52) -> 0.2184
H53: KIT OMEGA + PANNELLI | I53: 12 | J53: 10DAZAM8 | K53: Dado autobloccante M8 | L53: BULLONERIA | O53: =N_OMEGA*8 -> 112 | P53: =VLOOKUP(J53,BULLONI,3,0) -> 0.0048 | Q53: =O53*P53 -> 0.5376 | R53: =VLOOKUP(J53,BULLONI,4,0) -> 0.0127 | S53: =O53*R53 -> 1.4224 | W53: =S53 -> 1.4224 | X53: =SUM(T53:W53) -> 1.4224
H54: KIT OMEGA + PANNELLI | I54: 13 | J54: 10DADAZM8 | K54: Dado autobloccante M8 zn | L54: BULLONERIA | O54: =N_PANN*4 -> 48 | P54: =VLOOKUP(J54,BULLONI,3,0) -> 0.0048 | Q54: =O54*P54 -> 0.2304 | R54: =VLOOKUP(J54,BULLONI,4,0) -> 0.0138 | S54: =O54*R54 -> 0.6624 | W54: =S54 -> 0.6624 | X54: =SUM(T54:W54) -> 0.6624
K55: ▸ KIT OMEGA + PANNELLI – TOTALE | Q55: =SUM(Q42:Q54) -> 147.74866 | S55: =SUM(S42:S54) -> 177.37567 | T55: =SUM(T42:T54) -> 133.97367 | U55: =SUM(U42:U54) -> 14.6944 | V55: =SUM(V42:V54) -> 40.58712 | W55: =SUM(W42:W54) -> 28.7076 | X55: =SUM(X42:X54) -> 217.96279
H56: KIT INCLINOMETRO | I56: 1 | J56: TTS.AR.4011 | K56: Supporto superiore inclinometro | L56: PEZZI SPECIALI | O56: =N_MOT*1 -> 1 | P56: =VLOOKUP(J56,PEZZI,7,0) -> 0.86346 | Q56: =O56*P56 -> 0.86346 | R56: =VLOOKUP(J56,PEZZI,10,0) -> 1.23201 | S56: =O56*R56 -> 1.23201 | T56: =O56*VLOOKUP(J56,PEZZI,8,0) -> 0.80028 | U56: =O56*VLOOKUP(J56,PEZZI,9,0) -> 0.43173 | V56: =O56*VLOOKUP(J56,PEZZI,12,0) -> 0.25272 | X56: =SUM(T56:W56) -> 1.48473
H57: KIT INCLINOMETRO | I57: 2 | J57: TTS.AR.4012 | K57: Supporto inferiore inclinometro | L57: PEZZI SPECIALI | O57: =N_MOT*1 -> 1 | P57: =VLOOKUP(J57,PEZZI,7,0) -> 3.02211 | Q57: =O57*P57 -> 3.02211 | R57: =VLOOKUP(J57,PEZZI,10,0) -> 4.312035 | S57: =O57*R57 -> 4.312035 | T57: =O57*VLOOKUP(J57,PEZZI,8,0) -> 2.80098 | U57: =O57*VLOOKUP(J57,PEZZI,9,0) -> 1.511055 | V57: =O57*VLOOKUP(J57,PEZZI,12,0) -> 0.88452 | X57: =SUM(T57:W57) -> 5.196555
H58: KIT INCLINOMETRO | I58: 3 | J58: 15T-INCLINOMETRO | K58: Inclinometro | L58: ELETTROMECCANICA | O58: =N_MOT*1 -> 1 | P58: =VLOOKUP(J58,ELETTROMECC,3,0) -> 1.5 | Q58: =O58*P58 -> 1.5 | R58: =VLOOKUP(J58,ELETTROMECC,6,0) -> 170 | S58: =O58*R58 -> 170 | W58: =S58 -> 170 | X58: =SUM(T58:W58) -> 170
H59: KIT INCLINOMETRO | I59: 4 | J59: 10BZM8X150 | K59: Bullone testa esagonale zn M8X150 | L59: BULLONERIA | O59: =N_MOT*4 -> 4 | P59: =VLOOKUP(J59,BULLONI,3,0) -> 0.049 | Q59: =O59*P59 -> 0.196 | R59: =VLOOKUP(J59,BULLONI,4,0) -> 0.1659 | S59: =O59*R59 -> 0.6636 | W59: =S59 -> 0.6636 | X59: =SUM(T59:W59) -> 0.6636
H60: KIT INCLINOMETRO | I60: 5 | J60: 10ROND8 | K60: Rondella zn 8 | L60: BULLONERIA | O60: =N_MOT*8 -> 8 | P60: =VLOOKUP(J60,BULLONI,3,0) -> 0.0021 | Q60: =O60*P60 -> 0.0168 | R60: =VLOOKUP(J60,BULLONI,4,0) -> 0.0049 | S60: =O60*R60 -> 0.0392 | W60: =S60 -> 0.0392 | X60: =SUM(T60:W60) -> 0.0392
H61: KIT INCLINOMETRO | I61: 6 | J61: 10DAZAM8 | K61: Dado autobloccante M8 | L61: BULLONERIA | O61: =N_MOT*4 -> 4 | P61: =VLOOKUP(J61,BULLONI,3,0) -> 0.0048 | Q61: =O61*P61 -> 0.0192 | R61: =VLOOKUP(J61,BULLONI,4,0) -> 0.0127 | S61: =O61*R61 -> 0.0508 | W61: =S61 -> 0.0508 | X61: =SUM(T61:W61) -> 0.0508
H62: KIT INCLINOMETRO | I62: 7 | J62: M5X30 8.8 ISO1207 | K62: Bullone testa esagonale con intaglio M5x30 | L62: BULLONERIA | O62: =N_MOT*4 -> 4 | P62: =VLOOKUP(J62,BULLONI,3,0) -> 0.0042 | Q62: =O62*P62 -> 0.0168 | R62: =VLOOKUP(J62,BULLONI,4,0) -> 0.0162 | S62: =O62*R62 -> 0.0648 | W62: =S62 -> 0.0648 | X62: =SUM(T62:W62) -> 0.0648
H63: KIT INCLINOMETRO | I63: 8 | J63: 10ROND5 | K63: Rondella ZN da 5 | L63: BULLONERIA | O63: =N_MOT*4 -> 4 | P63: =VLOOKUP(J63,BULLONI,3,0) -> 0.0005 | Q63: =O63*P63 -> 0.002 | R63: =VLOOKUP(J63,BULLONI,4,0) -> 0.0019 | S63: =O63*R63 -> 0.0076 | W63: =S63 -> 0.0076 | X63: =SUM(T63:W63) -> 0.0076
H64: KIT INCLINOMETRO | I64: 9 | J64: 10DAZAM5 | K64: Dado zincato autobloc. M5 | L64: BULLONERIA | O64: =N_MOT*4 -> 4 | P64: =VLOOKUP(J64,BULLONI,3,0) -> 0.0011 | Q64: =O64*P64 -> 0.0044 | R64: =VLOOKUP(J64,BULLONI,4,0) -> 0.0063 | S64: =O64*R64 -> 0.0252 | W64: =S64 -> 0.0252 | X64: =SUM(T64:W64) -> 0.0252
K65: ▸ KIT INCLINOMETRO – TOTALE | Q65: =SUM(Q56:Q64) -> 5.64077 | S65: =SUM(S56:S64) -> 176.39525 | T65: =SUM(T56:T64) -> 3.60126 | U65: =SUM(U56:U64) -> 1.942785 | V65: =SUM(V56:V64) -> 1.13724 | W65: =SUM(W56:W64) -> 170.8512 | X65: =SUM(X56:X64) -> 177.53249
H67: QUADRO AREA A | I67: 1 | J67: 15T-QUADA | K67: Quadro Area A | L67: ELETTROMECCANICA | O67: =N_QUADA -> 1 | P67: =VLOOKUP(J67,ELETTROMECC,3,0) -> 15 | Q67: =O67*P67 -> 15 | R67: =VLOOKUP(J67,ELETTROMECC,6,0) -> 1000 | S67: =O67*R67 -> 1000 | W67: =S67 -> 1000 | X67: =SUM(T67:W67) -> 1000
K68: ▸ QUADRO AREA A – TOTALE | Q68: =SUM(Q67:Q67) -> 15 | S68: =SUM(S67:S67) -> 1000 | T68: =SUM(T67:T67) -> 0 | U68: =SUM(U67:U67) -> 0 | V68: =SUM(V67:V67) -> 0 | W68: =SUM(W67:W67) -> 1000 | X68: =SUM(X67:X67) -> 1000
H70: QUADRO GENERALE | I70: 1 | J70: 15T-QUADGEN | K70: Quadro Generale | L70: ELETTROMECCANICA | O70: =N_QUADGEN -> 1 | P70: =VLOOKUP(J70,ELETTROMECC,3,0) -> 20 | Q70: =O70*P70 -> 20 | R70: =VLOOKUP(J70,ELETTROMECC,6,0) -> 1800 | S70: =O70*R70 -> 1800 | W70: =S70 -> 1800 | X70: =SUM(T70:W70) -> 1800
K71: ▸ QUADRO GENERALE ▸ TOTALE | Q71: =SUM(Q70:Q70) -> 20 | S71: =SUM(S70:S70) -> 1800 | T71: =SUM(T70:T70) -> 0 | U71: =SUM(U70:U70) -> 0 | V71: =SUM(V70:V70) -> 0 | W71: =SUM(W70:W70) -> 1800 | X71: =SUM(X70:X70) -> 1800
H73: CENTRALINA METEO | I73: 1 | J73: 15T-CENTRALINAM | K73: Box centralina meteo | L73: ELETTROMECCANICA | O73: =N_CENTRALINAM -> 1 | P73: =VLOOKUP(J73,ELETTROMECC,3,0) -> 5 | Q73: =O73*P73 -> 5 | R73: =VLOOKUP(J73,ELETTROMECC,6,0) -> 600 | S73: =O73*R73 -> 600 | W73: =S73 -> 600 | X73: =SUM(T73:W73) -> 600
H74: CENTRALINA METEO | I74: 2 | J74: 15T-PIRANOMETRO | K74: Piranometro | L74: ELETTROMECCANICA | O74: =N_PIRANOMETRO -> 1 | P74: =VLOOKUP(J74,ELETTROMECC,3,0) -> 0.5 | Q74: =O74*P74 -> 0.5 | R74: =VLOOKUP(J74,ELETTROMECC,6,0) -> 350 | S74: =O74*R74 -> 350 | W74: =S74 -> 350 | X74: =SUM(T74:W74) -> 350
H75: CENTRALINA METEO | I75: 3 | J75: 15T-SENSVELVEN | K75: Anemometro | L75: ELETTROMECCANICA | O75: =N_ANEMOMETRO -> 1 | P75: =VLOOKUP(J75,ELETTROMECC,3,0) -> 0.5 | Q75: =O75*P75 -> 0.5 | R75: =VLOOKUP(J75,ELETTROMECC,6,0) -> 350 | S75: =O75*R75 -> 350 | W75: =S75 -> 350 | X75: =SUM(T75:W75) -> 350
H76: CENTRALINA METEO | I76: 4 | J76: 15T-TERMARIA | K76: Termometro Aria_ mSTA.l | L76: ELETTROMECCANICA | O76: =N_TERMARIA -> 1 | P76: =VLOOKUP(J76,ELETTROMECC,3,0) -> 0.5 | Q76: =O76*P76 -> 0.5 | R76: =VLOOKUP(J76,ELETTROMECC,6,0) -> 300 | S76: =O76*R76 -> 300 | W76: =S76 -> 300 | X76: =SUM(T76:W76) -> 300
H77: CENTRALINA METEO | I77: 5 | J77: 15T-TERMCONTP10 | K77: Termometro a contatto P100_STC-i | L77: ELETTROMECCANICA | O77: =N_TERMCONTATTO -> 1 | P77: =VLOOKUP(J77,ELETTROMECC,3,0) -> 0.5 | Q77: =O77*P77 -> 0.5 | R77: =VLOOKUP(J77,ELETTROMECC,6,0) -> 300 | S77: =O77*R77 -> 300 | W77: =S77 -> 300 | X77: =SUM(T77:W77) -> 300
K78: ▸ CENTRALINA METEO ▸ TOTALE | Q78: =SUM(Q73:Q77) -> 7 | S78: =SUM(S73:S77) -> 1900 | T78: =SUM(T73:T77) -> 0 | U78: =SUM(U73:U77) -> 0 | V78: =SUM(V73:V77) -> 0 | W78: =SUM(W73:W77) -> 1900 | X78: =SUM(X73:X77) -> 1900

Sheet RIEPILOGO
A1: RIEPILOGO – Pesi e costi per blocco e categoria
A2: Riepiloga la distinta del foglio DISTINTA per blocco di assieme e per categoria componente.
A23: 3 · RIEPILOGO PESI E COSTI – TRACKER 12 MODULI
A24: Per blocco di assieme | C24: Peso (kg) | D24: Costo (€) | E24: Prezzo finale (€)
A25: PILASTRO MOTORE | C25: =SUMIF(DISTINTA!$H$6:$H$85,"PILASTRO MOTORE",DISTINTA!$Q$6:$Q$85) -> 143.42128 | D25: =SUMIF(DISTINTA!$H$6:$H$85,"PILASTRO MOTORE",DISTINTA!$S$6:$S$85) -> 614.74848 | E25: =SUMIF(DISTINTA!$H$6:$H$85,"PILASTRO MOTORE",DISTINTA!$X$6:$X$85) -> 626.16984
A26: PILASTRO CUSCINETTO | C26: =SUMIF(DISTINTA!$H$6:$H$85,"PILASTRO CUSCINETTO",DISTINTA!$Q$6:$Q$85) -> 173.10644 | D26: =SUMIF(DISTINTA!$H$6:$H$85,"PILASTRO CUSCINETTO",DISTINTA!$S$6:$S$85) -> 271.19034 | E26: =SUMIF(DISTINTA!$H$6:$H$85,"PILASTRO CUSCINETTO",DISTINTA!$X$6:$X$85) -> 291.44922
A27: ASSI DI ROTAZIONE 1303 | C27: =SUMIF(DISTINTA!$H$6:$H$85,"ASSI DI ROTAZIONE 1303",DISTINTA!$Q$6:$Q$85) -> 155.595 | D27: =SUMIF(DISTINTA!$H$6:$H$85,"ASSI DI ROTAZIONE 1303",DISTINTA!$S$6:$S$85) -> 189.75 | E27: =SUMIF(DISTINTA!$H$6:$H$85,"ASSI DI ROTAZIONE 1303",DISTINTA!$X$6:$X$85) -> 235.29
A28: KIT OMEGA + PANNELLI | C28: =SUMIF(DISTINTA!$H$6:$H$85,"KIT OMEGA + PANNELLI",DISTINTA!$Q$6:$Q$85) -> 147.74866 | D28: =SUMIF(DISTINTA!$H$6:$H$85,"KIT OMEGA + PANNELLI",DISTINTA!$S$6:$S$85) -> 177.37567 | E28: =SUMIF(DISTINTA!$H$6:$H$85,"KIT OMEGA + PANNELLI",DISTINTA!$X$6:$X$85) -> 217.96279
A29: KIT INCLINOMETRO | C29: =SUMIF(DISTINTA!$H$6:$H$85,"KIT INCLINOMETRO",DISTINTA!$Q$6:$Q$85) -> 5.64077 | D29: =SUMIF(DISTINTA!$H$6:$H$85,"KIT INCLINOMETRO",DISTINTA!$S$6:$S$85) -> 176.39525 | E29: =SUMIF(DISTINTA!$H$6:$H$85,"KIT INCLINOMETRO",DISTINTA!$X$6:$X$85) -> 177.53249
A30: QUADRO AREA A | C30: =SUMIF(DISTINTA!$H$6:$H$85,"QUADRO AREA A",DISTINTA!$Q$6:$Q$85) -> 15 | D30: =SUMIF(DISTINTA!$H$6:$H$85,"QUADRO AREA A",DISTINTA!$S$6:$S$85) -> 1000 | E30: =SUMIF(DISTINTA!$H$6:$H$85,"QUADRO AREA A",DISTINTA!$X$6:$X$85) -> 1000
A31: QUADRO GENERALE | C31: =SUMIF(DISTINTA!$H$6:$H$85,"QUADRO GENERALE",DISTINTA!$Q$6:$Q$85) -> 20 | D31: =SUMIF(DISTINTA!$H$6:$H$85,"QUADRO GENERALE",DISTINTA!$S$6:$S$85) -> 1800 | E31: =SUMIF(DISTINTA!$H$6:$H$85,"QUADRO GENERALE",DISTINTA!$X$6:$X$85) -> 1800
A32: CENTRALINA METEO | C32: =SUMIF(DISTINTA!$H$6:$H$85,"CENTRALINA METEO",DISTINTA!$Q$6:$Q$85) -> 7 | D32: =SUMIF(DISTINTA!$H$6:$H$85,"CENTRALINA METEO",DISTINTA!$S$6:$S$85) -> 1900 | E32: =SUMIF(DISTINTA!$H$6:$H$85,"CENTRALINA METEO",DISTINTA!$X$6:$X$85) -> 1900
A34: Per categoria componente | C34: Peso (kg) | D34: Costo (€) | E34: Prezzo finale (€)
A35: STRUTTURA | C35: =SUMIF(DISTINTA!$L$6:$L$85,"STRUTTURA",DISTINTA!$Q$6:$Q$85) -> 529.83521 | D35: =SUMIF(DISTINTA!$L$6:$L$85,"STRUTTURA",DISTINTA!$S$6:$S$85) -> 674.53275 | E35: =SUMIF(DISTINTA!$L$6:$L$85,"STRUTTURA",DISTINTA!$X$6:$X$85) -> 788.79087
A36: PEZZI SPECIALI | C36: =SUMIF(DISTINTA!$L$6:$L$85,"PEZZI SPECIALI",DISTINTA!$Q$6:$Q$85) -> 16.01214 | D36: =SUMIF(DISTINTA!$L$6:$L$85,"PEZZI SPECIALI",DISTINTA!$S$6:$S$85) -> 22.84659 | E36: =SUMIF(DISTINTA!$L$6:$L$85,"PEZZI SPECIALI",DISTINTA!$X$6:$X$85) -> 27.53307
A37: BULLONERIA | C37: =SUMIF(DISTINTA!$L$6:$L$85,"BULLONERIA",DISTINTA!$Q$6:$Q$85) -> 16.3648 | D37: =SUMIF(DISTINTA!$L$6:$L$85,"BULLONERIA",DISTINTA!$S$6:$S$85) -> 47.0804 | E37: =SUMIF(DISTINTA!$L$6:$L$85,"BULLONERIA",DISTINTA!$X$6:$X$85) -> 47.0804
A38: ELETTROMECCANICA | C38: =SUMIF(DISTINTA!$L$6:$L$85,"ELETTROMECCANICA",DISTINTA!$Q$6:$Q$85) -> 105.3 | D38: =SUMIF(DISTINTA!$L$6:$L$85,"ELETTROMECCANICA",DISTINTA!$S$6:$S$85) -> 5385 | E38: =SUMIF(DISTINTA!$L$6:$L$85,"ELETTROMECCANICA",DISTINTA!$X$6:$X$85) -> 5385
A40: TOTALE TRACKER 12 MODULI | C40: =SUM(C35:C38) -> 667.51215 | D40: =SUM(D35:D38) -> 6129.4597 | E40: =SUM(E35:E38) -> 6248.4043
A41: verifica (somma blocchi): | C41: =SUM(C25:C32) -> 667.51215 | D41: =SUM(D25:D32) -> 6129.4597 | E41: =SUM(E25:E32) -> 6248.4043
A42: di cui BULLONERIA: | C42: =SUMIF(DISTINTA!$L$6:$L$85,"BULLONERIA",DISTINTA!$Q$6:$Q$85) -> 16.3648 | E42: =SUMIF(DISTINTA!$L$6:$L$85,"BULLONERIA",DISTINTA!$X$6:$X$85) -> 47.0804
A44: Note:
A45: - Quantita' riferite al tracker 12 moduli (distinta materiali rev.3 + DISTINTA COMPLETA, col. 'Q.ta 12 mod').
A46: - Il configuratore cambia profilo (IPE/IPEA), spessore asse (3,0/2,5), tipo omega (2,0/1,8), tipo impianto e lunghezze: peso e prezzo si ricalcolano, le quantita' restano quelle dei 12 moduli.
A47: - Prezzi bulloneria = 0 finche' non si compila la colonna Costo (EUR/pz) nel foglio DATI-BULLONERIA.
A48: - Motoriduttore, inclinometro, cuscinetto e quadro sotto motore: peso/prezzo dal foglio DATI-ELETTROMECCANICA (15T-INCLINOMETRO = 170 €/pz, 1,5 kg).
A49: - Quadro Area A, Quadro Generale, Box centralina meteo e i 4 sensori meteo: quantita' impostabili nel foglio INPUT (non piu' fisse a 1), applicate nei blocchi QUADRO GENERALE e CENTRALINA METEO della DISTINTA. Escluso in questa fase: moduli FV.
A51: 6 ▸ SEPARAZIONE COSTI: TRACKER vs IMPIANTO
C53: Peso (kg) | D53: Costo (€) | E53: Prezzo finale (€)
A54: COSTO DI 1 TRACKER (12 moduli: Pilastro motore, Pilastro cuscinetto, Assi, Kit omega+pannelli, Kit inclinometro) | C54: =SUM(C25:C29) -> 625.51215 | D54: =SUM(D25:D29) -> 1429.4597 | E54: =SUM(E25:E29) -> 1548.4043
A55: COSTO DI IMPIANTO (Quadro Area A + Quadro Generale + Centralina meteo; NON dipende dal numero di tracker) | C55: =SUM(C30:C32) -> 42 | D55: =SUM(D30:D32) -> 4700 | E55: =SUM(E30:E32) -> 4700
A57: N. tracker (12 moduli) nell’impianto | C57: =N_TRACKER_IMPIANTO -> 1
A58: COSTO TOTALE IMPIANTO (= N. tracker × costo 1 tracker + costo di impianto) | C58: =C57*C54+C55 -> 667.51215 | D58: =C57*D54+D55 -> 6129.4597 | E58: =C57*E54+E55 -> 6248.4043
A60: Nota: questa sezione riguarda solo la configurazione 12 moduli di questo file. Se l'impianto include anche tracker 18/20/22/36/40 moduli, il relativo costo va sommato a parte (schede non ancora riorganizzate).

Sheet PREZZO FINALE
A1: PREZZO FINALE – Voci di prezzo e incidenza dei costi
A2: Materiale + Zincatura + Lavorazione + Commerciale, per categoria e per blocco. Dati dal foglio DISTINTA.
A66: 4 · VOCI DEL PREZZO FINALE (materiale + zincatura + lavorazione + commerciale)
A67: Per categoria componente | C67: Materiale (€) | D67: Zincatura (€) | E67: Lavorazione (€) | F67: Commerciale (€) | G67: Prezzo finale (€) | H67: QUADRO AREA A | I67: 1
A68: STRUTTURA | C68: =SUMIF(DISTINTA!$L$6:$L$85,"STRUTTURA",DISTINTA!$T$6:$T$85) -> 542.05457 | D68: =SUMIF(DISTINTA!$L$6:$L$85,"STRUTTURA",DISTINTA!$U$6:$U$85) -> 132.47817 | E68: =SUMIF(DISTINTA!$L$6:$L$85,"STRUTTURA",DISTINTA!$V$6:$V$85) -> 114.25812 | F68: =SUMIF(DISTINTA!$L$6:$L$85,"STRUTTURA",DISTINTA!$W$6:$W$85) -> 0 | G68: =SUMIF(DISTINTA!$L$6:$L$85,"STRUTTURA",DISTINTA!$X$6:$X$85) -> 788.79087
A69: PEZZI SPECIALI | C69: =SUMIF(DISTINTA!$L$6:$L$85,"PEZZI SPECIALI",DISTINTA!$T$6:$T$85) -> 14.84052 | D69: =SUMIF(DISTINTA!$L$6:$L$85,"PEZZI SPECIALI",DISTINTA!$U$6:$U$85) -> 8.00607 | E69: =SUMIF(DISTINTA!$L$6:$L$85,"PEZZI SPECIALI",DISTINTA!$V$6:$V$85) -> 4.68648 | F69: =SUMIF(DISTINTA!$L$6:$L$85,"PEZZI SPECIALI",DISTINTA!$W$6:$W$85) -> 0 | G69: =SUMIF(DISTINTA!$L$6:$L$85,"PEZZI SPECIALI",DISTINTA!$X$6:$X$85) -> 27.53307
A70: BULLONERIA | C70: =SUMIF(DISTINTA!$L$6:$L$85,"BULLONERIA",DISTINTA!$T$6:$T$85) -> 0 | D70: =SUMIF(DISTINTA!$L$6:$L$85,"BULLONERIA",DISTINTA!$U$6:$U$85) -> 0 | E70: =SUMIF(DISTINTA!$L$6:$L$85,"BULLONERIA",DISTINTA!$V$6:$V$85) -> 0 | F70: =SUMIF(DISTINTA!$L$6:$L$85,"BULLONERIA",DISTINTA!$W$6:$W$85) -> 47.0804 | G70: =SUMIF(DISTINTA!$L$6:$L$85,"BULLONERIA",DISTINTA!$X$6:$X$85) -> 47.0804
A71: ELETTROMECCANICA | C71: =SUMIF(DISTINTA!$L$6:$L$85,"ELETTROMECCANICA",DISTINTA!$T$6:$T$85) -> 0 | D71: =SUMIF(DISTINTA!$L$6:$L$85,"ELETTROMECCANICA",DISTINTA!$U$6:$U$85) -> 0 | E71: =SUMIF(DISTINTA!$L$6:$L$85,"ELETTROMECCANICA",DISTINTA!$V$6:$V$85) -> 0 | F71: =SUMIF(DISTINTA!$L$6:$L$85,"ELETTROMECCANICA",DISTINTA!$W$6:$W$85) -> 5385 | G71: =SUMIF(DISTINTA!$L$6:$L$85,"ELETTROMECCANICA",DISTINTA!$X$6:$X$85) -> 5385
A72: TOTALE | C72: =SUM(C68:C71) -> 556.89509 | D72: =SUM(D68:D71) -> 140.48424 | E72: =SUM(E68:E71) -> 118.9446 | F72: =SUM(F68:F71) -> 5432.0804 | G72: =SUM(G68:G71) -> 6248.4043
A74: Per blocco di assieme | C74: Materiale (€) | D74: Zincatura (€) | E74: Lavorazione (€) | F74: Commerciale (€) | G74: Prezzo finale (€)
A75: PILASTRO MOTORE | C75: =SUMIF(DISTINTA!$H$6:$H$85,"PILASTRO MOTORE",DISTINTA!$T$6:$T$85) -> 78.81504 | D75: =SUMIF(DISTINTA!$H$6:$H$85,"PILASTRO MOTORE",DISTINTA!$U$6:$U$85) -> 42.51864 | E75: =SUMIF(DISTINTA!$H$6:$H$85,"PILASTRO MOTORE",DISTINTA!$V$6:$V$85) -> 11.42136 | F75: =SUMIF(DISTINTA!$H$6:$H$85,"PILASTRO MOTORE",DISTINTA!$W$6:$W$85) -> 493.4148 | G75: =SUMIF(DISTINTA!$H$6:$H$85,"PILASTRO MOTORE",DISTINTA!$X$6:$X$85) -> 626.16984
A76: PILASTRO CUSCINETTO | C76: =SUMIF(DISTINTA!$H$6:$H$85,"PILASTRO CUSCINETTO",DISTINTA!$T$6:$T$85) -> 150.75512 | D76: =SUMIF(DISTINTA!$H$6:$H$85,"PILASTRO CUSCINETTO",DISTINTA!$U$6:$U$85) -> 81.32842 | E76: =SUMIF(DISTINTA!$H$6:$H$85,"PILASTRO CUSCINETTO",DISTINTA!$V$6:$V$85) -> 20.25888 | F76: =SUMIF(DISTINTA!$H$6:$H$85,"PILASTRO CUSCINETTO",DISTINTA!$W$6:$W$85) -> 39.1068 | G76: =SUMIF(DISTINTA!$H$6:$H$85,"PILASTRO CUSCINETTO",DISTINTA!$X$6:$X$85) -> 291.44922
A77: ASSI DI ROTAZIONE 1303 | C77: =SUMIF(DISTINTA!$H$6:$H$85,"ASSI DI ROTAZIONE 1303",DISTINTA!$T$6:$T$85) -> 189.75 | D77: =SUMIF(DISTINTA!$H$6:$H$85,"ASSI DI ROTAZIONE 1303",DISTINTA!$U$6:$U$85) -> 0 | E77: =SUMIF(DISTINTA!$H$6:$H$85,"ASSI DI ROTAZIONE 1303",DISTINTA!$V$6:$V$85) -> 45.54 | F77: =SUMIF(DISTINTA!$H$6:$H$85,"ASSI DI ROTAZIONE 1303",DISTINTA!$W$6:$W$85) -> 0 | G77: =SUMIF(DISTINTA!$H$6:$H$85,"ASSI DI ROTAZIONE 1303",DISTINTA!$X$6:$X$85) -> 235.29
A78: KIT OMEGA + PANNELLI | C78: =SUMIF(DISTINTA!$H$6:$H$85,"KIT OMEGA + PANNELLI",DISTINTA!$T$6:$T$85) -> 133.97367 | D78: =SUMIF(DISTINTA!$H$6:$H$85,"KIT OMEGA + PANNELLI",DISTINTA!$U$6:$U$85) -> 14.6944 | E78: =SUMIF(DISTINTA!$H$6:$H$85,"KIT OMEGA + PANNELLI",DISTINTA!$V$6:$V$85) -> 40.58712 | F78: =SUMIF(DISTINTA!$H$6:$H$85,"KIT OMEGA + PANNELLI",DISTINTA!$W$6:$W$85) -> 28.7076 | G78: =SUMIF(DISTINTA!$H$6:$H$85,"KIT OMEGA + PANNELLI",DISTINTA!$X$6:$X$85) -> 217.96279
A79: KIT INCLINOMETRO | C79: =SUMIF(DISTINTA!$H$6:$H$85,"KIT INCLINOMETRO",DISTINTA!$T$6:$T$85) -> 3.60126 | D79: =SUMIF(DISTINTA!$H$6:$H$85,"KIT INCLINOMETRO",DISTINTA!$U$6:$U$85) -> 1.942785 | E79: =SUMIF(DISTINTA!$H$6:$H$85,"KIT INCLINOMETRO",DISTINTA!$V$6:$V$85) -> 1.13724 | F79: =SUMIF(DISTINTA!$H$6:$H$85,"KIT INCLINOMETRO",DISTINTA!$W$6:$W$85) -> 170.8512 | G79: =SUMIF(DISTINTA!$H$6:$H$85,"KIT INCLINOMETRO",DISTINTA!$X$6:$X$85) -> 177.53249
A80: QUADRO AREA A | C80: =SUMIF(DISTINTA!$H$6:$H$85,"QUADRO AREA A",DISTINTA!$T$6:$T$85) -> 0 | D80: =SUMIF(DISTINTA!$H$6:$H$85,"QUADRO AREA A",DISTINTA!$U$6:$U$85) -> 0 | E80: =SUMIF(DISTINTA!$H$6:$H$85,"QUADRO AREA A",DISTINTA!$V$6:$V$85) -> 0 | F80: =SUMIF(DISTINTA!$H$6:$H$85,"QUADRO AREA A",DISTINTA!$W$6:$W$85) -> 1000 | G80: =SUMIF(DISTINTA!$H$6:$H$85,"QUADRO AREA A",DISTINTA!$X$6:$X$85) -> 1000
A81: QUADRO GENERALE | C81: =SUMIF(DISTINTA!$H$6:$H$85,"QUADRO GENERALE",DISTINTA!$T$6:$T$85) -> 0 | D81: =SUMIF(DISTINTA!$H$6:$H$85,"QUADRO GENERALE",DISTINTA!$U$6:$U$85) -> 0 | E81: =SUMIF(DISTINTA!$H$6:$H$85,"QUADRO GENERALE",DISTINTA!$V$6:$V$85) -> 0 | F81: =SUMIF(DISTINTA!$H$6:$H$85,"QUADRO GENERALE",DISTINTA!$W$6:$W$85) -> 1800 | G81: =SUMIF(DISTINTA!$H$6:$H$85,"QUADRO GENERALE",DISTINTA!$X$6:$X$85) -> 1800
A82: CENTRALINA METEO | C82: =SUMIF(DISTINTA!$H$6:$H$85,"CENTRALINA METEO",DISTINTA!$T$6:$T$85) -> 0 | D82: =SUMIF(DISTINTA!$H$6:$H$85,"CENTRALINA METEO",DISTINTA!$U$6:$U$85) -> 0 | E82: =SUMIF(DISTINTA!$H$6:$H$85,"CENTRALINA METEO",DISTINTA!$V$6:$V$85) -> 0 | F82: =SUMIF(DISTINTA!$H$6:$H$85,"CENTRALINA METEO",DISTINTA!$W$6:$W$85) -> 1900 | G82: =SUMIF(DISTINTA!$H$6:$H$85,"CENTRALINA METEO",DISTINTA!$X$6:$X$85) -> 1900
A83: TOTALE | C83: =SUM(C75:C82) -> 556.89509 | D83: =SUM(D75:D82) -> 140.48424 | E83: =SUM(E75:E82) -> 118.9446 | F83: =SUM(F75:F82) -> 5432.0804 | G83: =SUM(G75:G82) -> 6248.4043
A85: verifica (per categoria ▸ per blocco, atteso 0) | C85: =G72-G83 -> 0
A87: Prezzo finale = Materiale + Zincatura + Lavorazione (0,30 EUR/kg sul peso netto) + Commerciale. Materiale + Zincatura = 'Costo (EUR)' del riepilogo sopra (STRUTTURA/PEZZI SPECIALI) e Commerciale = quello di BULLONERIA/ELETTROMECCANICA; la Lavorazione e' la voce aggiunta.
A89: 5 ▸ INCIDENZA DEI COSTI SUL PRODOTTO
A90: Per voce del prezzo finale | C90: Importo (€) | D90: Incidenza %
A91: Materiale | C91: =C72 -> 556.89509 | D91: =C91/$C$95 -> 0.089125969
A92: Zincatura | C92: =D72 -> 140.48424 | D92: =C92/$C$95 -> 0.022483219
A93: Lavorazione | C93: =E72 -> 118.9446 | D93: =C93/$C$95 -> 0.019035996
A94: Commerciale | C94: =F72 -> 5432.0804 | D94: =C94/$C$95 -> 0.86935482
A95: TOTALE | C95: =SUM(C91:C94) -> 6248.4043 | D95: =C95/$C$95 -> 1
A97: Per blocco di assieme | C97: Importo (€) | D97: Incidenza %
A98: PILASTRO MOTORE | C98: =G75 -> 626.16984 | D98: =C98/$C$106 -> 0.10021276
A99: PILASTRO CUSCINETTO | C99: =G76 -> 291.44922 | D99: =C99/$C$106 -> 0.046643784
A100: ASSI DI ROTAZIONE 1303 | C100: =G77 -> 235.29 | D100: =C100/$C$106 -> 0.037656014
A101: KIT OMEGA + PANNELLI | C101: =G78 -> 217.96279 | D101: =C101/$C$106 -> 0.034882953
A102: KIT INCLINOMETRO | C102: =G79 -> 177.53249 | D102: =C102/$C$106 -> 0.028412451
A103: QUADRO AREA A | C103: =G80 -> 1000 | D103: =C103/$C$106 -> 0.16004086
A104: QUADRO GENERALE | C104: =G81 -> 1800 | D104: =C104/$C$106 -> 0.28807355
A105: CENTRALINA METEO | C105: =G82 -> 1900 | D105: =C105/$C$106 -> 0.30407763
A106: TOTALE | C106: =SUM(C98:C105) -> 6248.4043 | D106: =C106/$C$106 -> 1
A108: Per categoria componente | C108: Importo (€) | D108: Incidenza %
A109: STRUTTURA | C109: =G68 -> 788.79087 | D109: =C109/$C$113 -> 0.12623877
A110: PEZZI SPECIALI | C110: =G69 -> 27.53307 | D110: =C110/$C$113 -> 0.0044064162
A111: BULLONERIA | C111: =G70 -> 47.0804 | D111: =C111/$C$113 -> 0.0075347877
A112: ELETTROMECCANICA | C112: =G71 -> 5385 | D112: =C112/$C$113 -> 0.86182003
A113: TOTALE | C113: =SUM(C109:C112) -> 6248.4043 | D113: =C113/$C$113 -> 1
A115: Tabelle di incidenza collegate alle celle dei riepiloghi (righe 68-82): si aggiornano automaticamente a ogni cambio di configurazione. Incidenza % = quota sul prezzo finale del tracker 12 moduli.
A117: 6 ▸ SEPARAZIONE COSTI: TRACKER vs IMPIANTO
C119: Materiale (€) | D119: Zincatura (€) | E119: Lavorazione (€) | F119: Commerciale (€) | G119: Prezzo finale (€)
A120: COSTO DI 1 TRACKER (12 moduli: Pilastro motore, Pilastro cuscinetto, Assi, Kit omega+pannelli, Kit inclinometro) | C120: =SUM(C75:C79) -> 556.89509 | D120: =SUM(D75:D79) -> 140.48424 | E120: =SUM(E75:E79) -> 118.9446 | F120: =SUM(F75:F79) -> 732.0804 | G120: =SUM(G75:G79) -> 1548.4043
A121: COSTO DI IMPIANTO (Quadro Area A + Quadro Generale + Centralina meteo; NON dipende dal numero di tracker) | C121: =SUM(C80:C82) -> 0 | D121: =SUM(D80:D82) -> 0 | E121: =SUM(E80:E82) -> 0 | F121: =SUM(F80:F82) -> 4700 | G121: =SUM(G80:G82) -> 4700
A123: N. tracker (12 moduli) nell’impianto | C123: =N_TRACKER_IMPIANTO -> 1
A124: COSTO TOTALE IMPIANTO (= N. tracker × costo 1 tracker + costo di impianto) | C124: =$C$123*C120+C121 -> 556.89509 | D124: =$C$123*D120+D121 -> 140.48424 | E124: =$C$123*E120+E121 -> 118.9446 | F124: =$C$123*F120+F121 -> 5432.0804 | G124: =$C$123*G120+G121 -> 6248.4043
A126: Nota: questa sezione riguarda solo la configurazione 12 moduli di questo file. Se l'impianto include anche tracker 18/20/22/36/40 moduli, il relativo costo va sommato a parte (schede non ancora riorganizzate).

Sheet DISTINTA PER KIT
A1: DISTINTA PER KIT – TRACKER 12 MODULI (1303)
A2: Vista collegata al foglio 'DISTINTA': stessa distinta, raggruppata per kit di assieme (Pilastro motore, Pilastro cuscinetto, Assi, Kit omega+pannelli, Kit inclinometro, Quadro area A, Quadro Generale, Centralina meteo). Si aggiorna con la configurazione, ma le righe vanno estese a mano se si aggiungono nuovi blocchi/voci alla DISTINTA.
A3: Blocco | B3: Pos. | C3: Codice | D3: Descrizione | E3: Categoria | F3: Profilo / tipo | G3: Lungh. (m) | H3: Q.tà tracker | I3: Peso unit. (kg) | J3: Peso tot. (kg) | K3: Prezzo unit. (€) | L3: Importo (€) | M3: Materiale (€) | N3: Zincatura (€) | O3: Lavorazione (€) | P3: Commerciale (€) | Q3: Prezzo finale (€)
A4: =DISTINTA!H6 -> PILASTRO MOTORE | B4: =DISTINTA!I6 -> 1 | C4: =DISTINTA!J6 -> TTS.PF.001.IPE140.30 | D4: =DISTINTA!K6 -> Pilastro fondazione trave IPE 140 mt.003 | E4: =DISTINTA!L6 -> STRUTTURA | F4: =DISTINTA!M6 -> IPE 140 | G4: =DISTINTA!N6 -> 3 | H4: =DISTINTA!O6 -> 1 | ... Q4: =DISTINTA!X6 -> 60.46875
A5: =DISTINTA!H7 -> PILASTRO MOTORE | B5: =DISTINTA!I7 -> 2 | C5: =DISTINTA!J7 -> TTS.PM.001.IPE140.22 | D5: =DISTINTA!K7 -> Pilastro motore trave IPE 140 mt.002 | E5: =DISTINTA!L7 -> STRUTTURA | F5: =DISTINTA!M7 -> IPE 140 | G5: =DISTINTA!N7 -> 2.22 | H5: =DISTINTA!O7 -> 1 | ... Q5: =DISTINTA!X7 -> 44.746875
A6: =DISTINTA!H8 -> PILASTRO MOTORE | B6: =DISTINTA!I8 -> 3 | C6: =DISTINTA!J8 -> TTS.PF.002.IPE140 | D6: =DISTINTA!K8 -> Piastra giunzione montanti centrali 200x100x4 (8 fori Ø11) | E6: =DISTINTA!L8 -> PEZZI SPECIALI | F6: =DISTINTA!M8 -> Lamiera 4mm | G6: =DISTINTA!N8 -> 0 | H6: =DISTINTA!O8 -> 2 | ... Q6: =DISTINTA!X8 -> 2.1996
A7: =DISTINTA!H9 -> PILASTRO MOTORE | B7: =DISTINTA!I9 -> 4 | C7: =DISTINTA!J9 -> TTS.PF.003.IPE140 | D7: =DISTINTA!K9 -> Piastra giunzione montanti esterna 240x70x6 (12 fori Ø11) | E7: =DISTINTA!L9 -> PEZZI SPECIALI | F7: =DISTINTA!M9 -> Lamiera 6mm | G7: =DISTINTA!N9 -> 0 | H7: =DISTINTA!O9 -> 2 | ... Q7: =DISTINTA!X9 -> 2.771355
A8: =DISTINTA!H10 -> PILASTRO MOTORE | B8: =DISTINTA!I10 -> 5 | C8: =DISTINTA!J10 -> TTS.PF.004.IPE140 | D8: =DISTINTA!K10 -> Piastra giunzione montanti interna 240x25x6 (6 fori Ø11) | E8: =DISTINTA!L10 -> PEZZI SPECIALI | F8: =DISTINTA!M10 -> Lamiera 6mm | G8: =DISTINTA!N10 -> 0 | H8: =DISTINTA!O10 -> 4 | ... Q8: =DISTINTA!X10 -> 1.97964
A9: =DISTINTA!H11 -> PILASTRO MOTORE | B9: =DISTINTA!I11 -> 6 | C9: =DISTINTA!J11 -> TTS.PM.002.IPE140 | D9: =DISTINTA!K11 -> Supporto laterale testa riduttore | E9: =DISTINTA!L11 -> STRUTTURA | F9: =DISTINTA!M11 -> Lamiera 8mm | G9: =DISTINTA!N11 -> 0 | H9: =DISTINTA!O11 -> 2 | ... Q9: =DISTINTA!X11 -> 16.11207
A10: =DISTINTA!H12 -> PILASTRO MOTORE | B10: =DISTINTA!I12 -> 7 | C10: =DISTINTA!J12 -> TTS.PM.003.IPE140 | D10: =DISTINTA!K12 -> Testa riduttore pilastro motore | E10: =DISTINTA!L12 -> STRUTTURA | F10: =DISTINTA!M12 -> Lamiera 4mm | G10: =DISTINTA!N12 -> 0 | H10: =DISTINTA!O12 -> 1 | ... Q10: =DISTINTA!X12 -> 4.47675
A11: =DISTINTA!H13 -> PILASTRO MOTORE | B11: =DISTINTA!I13 -> 8 | C11: =DISTINTA!J13 -> 10BZ10X40 | D11: =DISTINTA!K13 -> Bullone testa esagonale zn M10X40 | E11: =DISTINTA!L13 -> BULLONERIA | F11: =DISTINTA!M13 -> 0 | G11: =DISTINTA!N13 -> 0 | H11: =DISTINTA!O13 -> 32 | ... Q11: =DISTINTA!X13 -> 2.2656
A12: =DISTINTA!H14 -> PILASTRO MOTORE | B12: =DISTINTA!I14 -> 9 | C12: =DISTINTA!J14 -> 10BZM10X40 | D12: =DISTINTA!K14 -> Bullone testa esagonale M10X40 | E12: =DISTINTA!L14 -> BULLONERIA | F12: =DISTINTA!M14 -> 0 | G12: =DISTINTA!N14 -> 0 | H12: =DISTINTA!O14 -> 8 | ... Q12: =DISTINTA!X14 -> 0.5664
A13: =DISTINTA!H15 -> PILASTRO MOTORE | B13: =DISTINTA!I15 -> 10 | C13: =DISTINTA!J15 -> 10BZM16X60 | D13: =DISTINTA!K15 -> Bullone testa esagonale M16X60 | E13: =DISTINTA!L15 -> BULLONERIA | F13: =DISTINTA!M15 -> 0 | G13: =DISTINTA!N15 -> 0 | H13: =DISTINTA!O15 -> 4 | ... Q13: =DISTINTA!X15 -> 1.1868
A14: =DISTINTA!H16 -> PILASTRO MOTORE | B14: =DISTINTA!I16 -> 11 | C14: =DISTINTA!J16 -> 10ROND10 | D14: =DISTINTA!K16 -> Rondella zn da 10 | E14: =DISTINTA!L16 -> BULLONERIA | F14: =DISTINTA!M16 -> 0 | G14: =DISTINTA!N16 -> 0 | H14: =DISTINTA!O16 -> 80 | ... Q14: =DISTINTA!X16 -> 0.736
A15: =DISTINTA!H17 -> PILASTRO MOTORE | B15: =DISTINTA!I17 -> 12 | C15: =DISTINTA!J17 -> 10ROND16 | D15: =DISTINTA!K17 -> Rondella zn da 16 | E15: =DISTINTA!L17 -> BULLONERIA | F15: =DISTINTA!M17 -> 0 | G15: =DISTINTA!N17 -> 0 | H15: =DISTINTA!O17 -> 8 | ... Q15: =DISTINTA!X17 -> 0.2472
... A20: =DISTINTA!H22 -> PILASTRO MOTORE | B20: =DISTINTA!I22 -> 17 | C20: =DISTINTA!J22 -> 10S-FC | D20: =DISTINTA!K22 -> Finecorsa elettrico | E20: =DISTINTA!L22 -> ELETTROMECCANICA | F20: =DISTINTA!M22 -> 0 | G20: =DISTINTA!N22 -> 0 | H20: =DISTINTA!O22 -> 1 | ... Q20: =DISTINTA!X22 -> 27
D21: =DISTINTA!K23 -> ▸ PILASTRO MOTORE – TOTALE | J21: =DISTINTA!Q23 -> 143.42128 | L21: =DISTINTA!S23 -> 614.74848 | M21: =DISTINTA!T23 -> 78.81504 | N21: =DISTINTA!U23 -> 42.51864 | O21: =DISTINTA!V23 -> 11.42136 | P21: =DISTINTA!W23 -> 493.4148 | Q21: =DISTINTA!X23 -> 626.16984
A22: =DISTINTA!H24 -> PILASTRO CUSCINETTO | B22: =DISTINTA!I24 -> 1 | C22: =DISTINTA!J24 -> TTS.PF.001.IPE140.30 | D22: =DISTINTA!K24 -> Pilastro fondazione trave IPE 140 mt.003 | E22: =DISTINTA!L24 -> STRUTTURA | F22: =DISTINTA!M24 -> IPE 140 | G22: =DISTINTA!N24 -> 3 | H22: =DISTINTA!O24 -> 2 | ... Q22: =DISTINTA!X24 -> 120.9375
A23: =DISTINTA!H25 -> PILASTRO CUSCINETTO | B23: =DISTINTA!I25 -> 2 | C23: =DISTINTA!J25 -> TTS.PC.001.IPE140.23 | D23: =DISTINTA!K25 -> Pilastro cuscinetto trave IPE 140 mt.002 | E23: =DISTINTA!L25 -> STRUTTURA | F23: =DISTINTA!M25 -> IPE 140 | G23: =DISTINTA!N25 -> 2.3 | H23: =DISTINTA!O25 -> 2 | ... Q23: =DISTINTA!X25 -> 92.71875
A24: =DISTINTA!H26 -> PILASTRO CUSCINETTO | B24: =DISTINTA!I26 -> 3 | C24: =DISTINTA!J26 -> TTS.PF.002.IPE140 | D24: =DISTINTA!K26 -> Piastra giunzione montanti centrali 200x100x4 (8 fori Ø11) | E24: =DISTINTA!L26 -> PEZZI SPECIALI | F24: =DISTINTA!M26 -> Lamiera 4mm | G24: =DISTINTA!N26 -> 0 | H24: =DISTINTA!O26 -> 4 | ... Q24: =DISTINTA!X26 -> 4.3992
A25: =DISTINTA!H27 -> PILASTRO CUSCINETTO | B25: =DISTINTA!I27 -> 4 | C25: =DISTINTA!J27 -> TTS.PF.003.IPE140 | D25: =DISTINTA!K27 -> Piastra giunzione montanti esterna 240x70x6 (12 fori Ø11) | E25: =DISTINTA!L27 -> PEZZI SPECIALI | F25: =DISTINTA!M27 -> Lamiera 6mm | G25: =DISTINTA!N27 -> 0 | H25: =DISTINTA!O27 -> 4 | ... Q25: =DISTINTA!X27 -> 5.54271
A26: =DISTINTA!H28 -> PILASTRO CUSCINETTO | B26: =DISTINTA!I28 -> 5 | C26: =DISTINTA!J28 -> TTS.PF.004.IPE140 | D26: =DISTINTA!K28 -> Piastra giunzione montanti interna 240x25x6 (6 fori Ø11) | E26: =DISTINTA!L28 -> PEZZI SPECIALI | F26: =DISTINTA!M28 -> Lamiera 6mm | G26: =DISTINTA!N28 -> 0 | H26: =DISTINTA!O28 -> 8 | ... Q26: =DISTINTA!X28 -> 3.95928
A27: =DISTINTA!H29 -> PILASTRO CUSCINETTO | B27: =DISTINTA!I29 -> 6 | C27: =DISTINTA!J29 -> TTS.PC.002.IPE140 | D27: =DISTINTA!K29 -> Supporto laterale testa cuscinetto | E27: =DISTINTA!L29 -> STRUTTURA | F27: =DISTINTA!M29 -> Tubo quadro80x80x 6 | G27: =DISTINTA!N29 -> 0 | H27: =DISTINTA!O29 -> 4 | ... Q27: =DISTINTA!X29 -> 15.17724
A28: =DISTINTA!H30 -> PILASTRO CUSCINETTO | B28: =DISTINTA!I30 -> 7 | C28: =DISTINTA!J30 -> TTS.PC.003.IPE140 | D28: =DISTINTA!K30 -> Supporto testa cuscinetto | E28: =DISTINTA!L30 -> STRUTTURA | F28: =DISTINTA!M30 -> Lamiera 6mm | G28: =DISTINTA!N30 -> 0 | H28: =DISTINTA!O30 -> 2 | ... Q28: =DISTINTA!X30 -> 9.60774
A29: =DISTINTA!H31 -> PILASTRO CUSCINETTO | B29: =DISTINTA!I31 -> 8 | C29: =DISTINTA!J31 -> 10BZ10X30 | D29: =DISTINTA!K31 -> Bullone testa esagonale M10X30 | E29: =DISTINTA!L31 -> BULLONERIA | F29: =DISTINTA!M31 -> 0 | G29: =DISTINTA!N31 -> 0 | H29: =DISTINTA!O31 -> 8 | ... Q29: =DISTINTA!X31 -> 0.5072
A30: =DISTINTA!H32 -> PILASTRO CUSCINETTO | B30: =DISTINTA!I32 -> 9 | C30: =DISTINTA!J32 -> 10BZ16X140 | D30: =DISTINTA!K32 -> Bullone testa esagonale M16x140 mezzo filetto | E30: =DISTINTA!L32 -> BULLONERIA | F30: =DISTINTA!M32 -> 0 | G30: =DISTINTA!N32 -> 0 | H30: =DISTINTA!O32 -> 4 | ... Q30: =DISTINTA!X32 -> 2.2356
A31: =DISTINTA!H33 -> PILASTRO CUSCINETTO | B31: =DISTINTA!I33 -> 10 | C31: =DISTINTA!J33 -> 10BZM10X40 | D31: =DISTINTA!K33 -> Bullone testa esagonale M10X40 | E31: =DISTINTA!L33 -> BULLONERIA | F31: =DISTINTA!M33 -> 0 | G31: =DISTINTA!N33 -> 0 | H31: =DISTINTA!O33 -> 64 | ... Q31: =DISTINTA!X33 -> 4.5312
A32: =DISTINTA!H34 -> PILASTRO CUSCINETTO | B32: =DISTINTA!I34 -> 11 | C32: =DISTINTA!J34 -> 10ROND10 | D32: =DISTINTA!K34 -> Rondella zn da 10 | E32: =DISTINTA!L34 -> BULLONERIA | F32: =DISTINTA!M34 -> 0 | G32: =DISTINTA!N34 -> 0 | H32: =DISTINTA!O34 -> 144 | ... Q32: =DISTINTA!X34 -> 1.3248
A33: =DISTINTA!H35 -> PILASTRO CUSCINETTO | B33: =DISTINTA!I35 -> 12 | C33: =DISTINTA!J35 -> 10ROND16 | D33: =DISTINTA!K35 -> Rondella zn da 16 | E33: =DISTINTA!L35 -> BULLONERIA | F33: =DISTINTA!M35 -> 0 | G33: =DISTINTA!N35 -> 0 | H33: =DISTINTA!O35 -> 8 | ... Q33: =DISTINTA!X35 -> 0.2472
... A36: =DISTINTA!H38 -> PILASTRO CUSCINETTO | B36: =DISTINTA!I38 -> 15 | C36: =DISTINTA!J38 -> 15T-CUSCINETTO | D36: =DISTINTA!K38 -> Cuscinetto asse di rotazione | E36: =DISTINTA!L38 -> ELETTROMECCANICA | F36: =DISTINTA!M38 -> 0 | G36: =DISTINTA!N38 -> 0 | H36: =DISTINTA!O38 -> 2 | ... Q36: =DISTINTA!X38 -> 28
D37: =DISTINTA!K39 -> ▸ PILASTRO CUSCINETTO – TOTALE | J37: =DISTINTA!Q39 -> 173.10644 | L37: =DISTINTA!S39 -> 271.19034 | M37: =DISTINTA!T39 -> 150.75512 | N37: =DISTINTA!U39 -> 81.32842 | O37: =DISTINTA!V39 -> 20.25888 | P37: =DISTINTA!W39 -> 39.1068 | Q37: =DISTINTA!X39 -> 291.44922
A38: =DISTINTA!H40 -> ASSI DI ROTAZIONE 1303 | B38: =DISTINTA!I40 -> 1 | C38: =DISTINTA!J40 -> TTS.AR.001.8250.25 | D38: =DISTINTA!K40 -> Asse lato motore 120x120x2,5 mm lungh. mt.008 | E38: =DISTINTA!L40 -> STRUTTURA | F38: =DISTINTA!M40 -> ASSE 120x120x2,5 | G38: =DISTINTA!N40 -> 8.25 | H38: =DISTINTA!O40 -> 2 | ... Q38: =DISTINTA!X40 -> 235.29
D39: =DISTINTA!K41 -> ▸ ASSI DI ROTAZIONE 1303 – TOTALE | J39: =DISTINTA!Q41 -> 155.595 | L39: =DISTINTA!S41 -> 189.75 | M39: =DISTINTA!T41 -> 189.75 | N39: =DISTINTA!U41 -> 0 | O39: =DISTINTA!V41 -> 45.54 | P39: =DISTINTA!W41 -> 0 | Q39: =DISTINTA!X41 -> 235.29
A40: =DISTINTA!H42 -> KIT OMEGA + PANNELLI | B40: =DISTINTA!I42 -> 1 | C40: =DISTINTA!J42 -> TTS.AR.3014 | D40: =DISTINTA!K42 -> Omega supporto pannello | E40: =DISTINTA!L42 -> STRUTTURA | F40: =DISTINTA!M42 -> OMEGA 2,0 | G40: =DISTINTA!N42 -> 1.5 | H40: =DISTINTA!O42 -> 14 | ... Q40: =DISTINTA!X42 -> 102.375
A41: =DISTINTA!H43 -> KIT OMEGA + PANNELLI | B41: =DISTINTA!I43 -> 2 | C41: =DISTINTA!J43 -> TTS.AR.3011 | D41: =DISTINTA!K43 -> Supporto a L superiore omega | E41: =DISTINTA!L43 -> STRUTTURA | F41: =DISTINTA!M43 -> SUPPORTO L | G41: =DISTINTA!N43 -> 0.63 | H41: =DISTINTA!O43 -> 28 | ... Q41: =DISTINTA!X43 -> 35.505792
A42: =DISTINTA!H44 -> KIT OMEGA + PANNELLI | B42: =DISTINTA!I44 -> 3 | C42: =DISTINTA!J44 -> TTS.AR.3012 | D42: =DISTINTA!K44 -> Supporto a V inferiore omega | E42: =DISTINTA!L44 -> STRUTTURA | F42: =DISTINTA!M44 -> SUPPORTO V | G42: =DISTINTA!N44 -> 1 | H42: =DISTINTA!O44 -> 28 | ... Q42: =DISTINTA!X44 -> 16.072
A43: =DISTINTA!H45 -> KIT OMEGA + PANNELLI | B43: =DISTINTA!I45 -> 4 | C43: =DISTINTA!J45 -> TTS.AR.3013 | D43: =DISTINTA!K45 -> Gaffa sotto omega | E43: =DISTINTA!L45 -> STRUTTURA | F43: =DISTINTA!M45 -> GAFFA | G43: =DISTINTA!N45 -> 1 | H43: =DISTINTA!O45 -> 14 | ... Q43: =DISTINTA!X45 -> 35.3024
A44: =DISTINTA!H46 -> KIT OMEGA + PANNELLI | B44: =DISTINTA!I46 -> 5 | C44: =DISTINTA!J46 -> 10BZM6X150 | D44: =DISTINTA!K46 -> Bullone testa esagonale zn M6X150 | E44: =DISTINTA!L46 -> BULLONERIA | F44: =DISTINTA!M46 -> 0 | G44: =DISTINTA!N46 -> 0 | H44: =DISTINTA!O46 -> 28 | ... Q44: =DISTINTA!X46 -> 6.1992
A45: =DISTINTA!H47 -> KIT OMEGA + PANNELLI | B45: =DISTINTA!I47 -> 6 | C45: =DISTINTA!J47 -> 10BZM8X25 | D45: =DISTINTA!K47 -> Bullone testa esagonale zn M8X25 | E45: =DISTINTA!L47 -> BULLONERIA | F45: =DISTINTA!M47 -> 0 | G45: =DISTINTA!N47 -> 0 | H45: =DISTINTA!O47 -> 104 | ... Q45: =DISTINTA!X47 -> 3.0888
A46: =DISTINTA!H48 -> KIT OMEGA + PANNELLI | B46: =DISTINTA!I48 -> 7 | C46: =DISTINTA!J48 -> 10BZM10X160 | D46: =DISTINTA!K48 -> Bullone testa esagonale zn M10X160 | E46: =DISTINTA!L48 -> BULLONERIA | F46: =DISTINTA!M48 -> 0 | G46: =DISTINTA!N48 -> 0 | H46: =DISTINTA!O48 -> 56 | ... Q46: =DISTINTA!X48 -> 15.0416
A47: =DISTINTA!H49 -> KIT OMEGA + PANNELLI | B47: =DISTINTA!I49 -> 8 | C47: =DISTINTA!J49 -> 10ROND6 | D47: =DISTINTA!K49 -> Rondella zn 6 | E47: =DISTINTA!L49 -> BULLONERIA | F47: =DISTINTA!M49 -> 0 | G47: =DISTINTA!N49 -> 0 | H47: =DISTINTA!O49 -> 56 | ... Q47: =DISTINTA!X49 -> 0.2016
A48: =DISTINTA!H50 -> KIT OMEGA + PANNELLI | B48: =DISTINTA!I50 -> 9 | C48: =DISTINTA!J50 -> 10ROND8 | D48: =DISTINTA!K50 -> Rondella zn 8 | E48: =DISTINTA!L50 -> BULLONERIA | F48: =DISTINTA!M50 -> 0 | G48: =DISTINTA!N50 -> 0 | H48: =DISTINTA!O50 -> 172 | ... Q48: =DISTINTA!X50 -> 0.8428
A49: =DISTINTA!H51 -> KIT OMEGA + PANNELLI | B49: =DISTINTA!I51 -> 10 | C49: =DISTINTA!J51 -> 10ROND10 | D49: =DISTINTA!K51 -> Rondella zn 10 | E49: =DISTINTA!L51 -> BULLONERIA | F49: =DISTINTA!M51 -> 0 | G49: =DISTINTA!N51 -> 0 | H49: =DISTINTA!O51 -> 112 | ... Q49: =DISTINTA!X51 -> 1.0304
A50: =DISTINTA!H52 -> KIT OMEGA + PANNELLI | B50: =DISTINTA!I52 -> 11 | C50: =DISTINTA!J52 -> 10DAZAM6 | D50: =DISTINTA!K52 -> Dado autobloccante M6 | E50: =DISTINTA!L52 -> BULLONERIA | F50: =DISTINTA!M52 -> 0 | G50: =DISTINTA!N52 -> 0 | H50: =DISTINTA!O52 -> 28 | ... Q50: =DISTINTA!X52 -> 0.2184
A51: =DISTINTA!H53 -> KIT OMEGA + PANNELLI | B51: =DISTINTA!I53 -> 12 | C51: =DISTINTA!J53 -> 10DAZAM8 | D51: =DISTINTA!K53 -> Dado autobloccante M8 | E51: =DISTINTA!L53 -> BULLONERIA | F51: =DISTINTA!M53 -> 0 | G51: =DISTINTA!N53 -> 0 | H51: =DISTINTA!O53 -> 112 | ... Q51: =DISTINTA!X53 -> 1.4224
A52: =DISTINTA!H54 -> KIT OMEGA + PANNELLI | B52: =DISTINTA!I54 -> 13 | C52: =DISTINTA!J54 -> 10DADAZM8 | D52: =DISTINTA!K54 -> Dado autobloccante M8 zn | E52: =DISTINTA!L54 -> BULLONERIA | F52: =DISTINTA!M54 -> 0 | G52: =DISTINTA!N54 -> 0 | H52: =DISTINTA!O54 -> 48 | ... Q52: =DISTINTA!X54 -> 0.6624
D53: =DISTINTA!K55 -> ▸ KIT OMEGA + PANNELLI – TOTALE | J53: =DISTINTA!Q55 -> 147.74866 | L53: =DISTINTA!S55 -> 177.37567 | M53: =DISTINTA!T55 -> 133.97367 | N53: =DISTINTA!U55 -> 14.6944 | O53: =DISTINTA!V55 -> 40.58712 | P53: =DISTINTA!W55 -> 28.7076 | Q53: =DISTINTA!X55 -> 217.96279
A54: =DISTINTA!H56 -> KIT INCLINOMETRO | B54: =DISTINTA!I56 -> 1 | C54: =DISTINTA!J56 -> TTS.AR.4011 | D54: =DISTINTA!K56 -> Supporto superiore inclinometro | E54: =DISTINTA!L56 -> PEZZI SPECIALI | F54: =DISTINTA!M56 -> 0 | G54: =DISTINTA!N56 -> 0 | H54: =DISTINTA!O56 -> 1 | ... Q54: =DISTINTA!X56 -> 1.48473
A55: =DISTINTA!H57 -> KIT INCLINOMETRO | B55: =DISTINTA!I57 -> 2 | C55: =DISTINTA!J57 -> TTS.AR.4012 | D55: =DISTINTA!K57 -> Supporto inferiore inclinometro | E55: =DISTINTA!L57 -> PEZZI SPECIALI | F55: =DISTINTA!M57 -> 0 | G55: =DISTINTA!N57 -> 0 | H55: =DISTINTA!O57 -> 1 | ... Q55: =DISTINTA!X57 -> 5.196555
A56: =DISTINTA!H58 -> KIT INCLINOMETRO | B56: =DISTINTA!I58 -> 3 | C56: =DISTINTA!J58 -> 15T-INCLINOMETRO | D56: =DISTINTA!K58 -> Inclinometro | E56: =DISTINTA!L58 -> ELETTROMECCANICA | F56: =DISTINTA!M58 -> 0 | G56: =DISTINTA!N58 -> 0 | H56: =DISTINTA!O58 -> 1 | ... Q56: =DISTINTA!X58 -> 170
A57: =DISTINTA!H59 -> KIT INCLINOMETRO | B57: =DISTINTA!I59 -> 4 | C57: =DISTINTA!J59 -> 10BZM8X150 | D57: =DISTINTA!K59 -> Bullone testa esagonale zn M8X150 | E57: =DISTINTA!L59 -> BULLONERIA | F57: =DISTINTA!M59 -> 0 | G57: =DISTINTA!N59 -> 0 | H57: =DISTINTA!O59 -> 4 | ... Q57: =DISTINTA!X59 -> 0.6636
A58: =DISTINTA!H60 -> KIT INCLINOMETRO | B58: =DISTINTA!I60 -> 5 | C58: =DISTINTA!J60 -> 10ROND8 | D58: =DISTINTA!K60 -> Rondella zn 8 | E58: =DISTINTA!L60 -> BULLONERIA | F58: =DISTINTA!M60 -> 0 | G58: =DISTINTA!N60 -> 0 | H58: =DISTINTA!O60 -> 8 | ... Q58: =DISTINTA!X60 -> 0.0392
A59: =DISTINTA!H61 -> KIT INCLINOMETRO | B59: =DISTINTA!I61 -> 6 | C59: =DISTINTA!J61 -> 10DAZAM8 | D59: =DISTINTA!K61 -> Dado autobloccante M8 | E59: =DISTINTA!L61 -> BULLONERIA | F59: =DISTINTA!M61 -> 0 | G59: =DISTINTA!N61 -> 0 | H59: =DISTINTA!O61 -> 4 | ... Q59: =DISTINTA!X61 -> 0.0508
A60: =DISTINTA!H62 -> KIT INCLINOMETRO | B60: =DISTINTA!I62 -> 7 | C60: =DISTINTA!J62 -> M5X30 8.8 ISO1207 | D60: =DISTINTA!K62 -> Bullone testa esagonale con intaglio M5x30 | E60: =DISTINTA!L62 -> BULLONERIA | F60: =DISTINTA!M62 -> 0 | G60: =DISTINTA!N62 -> 0 | H60: =DISTINTA!O62 -> 4 | ... Q60: =DISTINTA!X62 -> 0.0648
A61: =DISTINTA!H63 -> KIT INCLINOMETRO | B61: =DISTINTA!I63 -> 8 | C61: =DISTINTA!J63 -> 10ROND5 | D61: =DISTINTA!K63 -> Rondella ZN da 5 | E61: =DISTINTA!L63 -> BULLONERIA | F61: =DISTINTA!M63 -> 0 | G61: =DISTINTA!N63 -> 0 | H61: =DISTINTA!O63 -> 4 | ... Q61: =DISTINTA!X63 -> 0.0076
A62: =DISTINTA!H64 -> KIT INCLINOMETRO | B62: =DISTINTA!I64 -> 9 | C62: =DISTINTA!J64 -> 10DAZAM5 | D62: =DISTINTA!K64 -> Dado zincato autobloc. M5 | E62: =DISTINTA!L64 -> BULLONERIA | F62: =DISTINTA!M64 -> 0 | G62: =DISTINTA!N64 -> 0 | H62: =DISTINTA!O64 -> 4 | ... Q62: =DISTINTA!X64 -> 0.0252
D63: =DISTINTA!K65 -> ▸ KIT INCLINOMETRO – TOTALE | J63: =DISTINTA!Q65 -> 5.64077 | L63: =DISTINTA!S65 -> 176.39525 | M63: =DISTINTA!T65 -> 3.60126 | N63: =DISTINTA!U65 -> 1.942785 | O63: =DISTINTA!V65 -> 1.13724 | P63: =DISTINTA!W65 -> 170.8512 | Q63: =DISTINTA!X65 -> 177.53249
A64: =DISTINTA!H67 -> QUADRO AREA A | B64: =DISTINTA!I67 -> 1 | C64: =DISTINTA!J67 -> 15T-QUADA | D64: =DISTINTA!K67 -> Quadro Area A | E64: =DISTINTA!L67 -> ELETTROMECCANICA | F64: =DISTINTA!M67 -> 0 | G64: =DISTINTA!N67 -> 0 | H64: =DISTINTA!O67 -> 1 | ... Q64: =DISTINTA!X67 -> 1000
D65: =DISTINTA!K68 -> ▸ QUADRO AREA A – TOTALE | J65: =DISTINTA!Q68 -> 15 | L65: =DISTINTA!S68 -> 1000 | M65: =DISTINTA!T68 -> 0 | N65: =DISTINTA!U68 -> 0 | O65: =DISTINTA!V68 -> 0 | P65: =DISTINTA!W68 -> 1000 | Q65: =DISTINTA!X68 -> 1000
A66: =DISTINTA!H70 -> QUADRO GENERALE | B66: =DISTINTA!I70 -> 1 | C66: =DISTINTA!J70 -> 15T-QUADGEN | D66: =DISTINTA!K70 -> Quadro Generale | E66: =DISTINTA!L70 -> ELETTROMECCANICA | H66: =DISTINTA!O70 -> 1 | I66: =DISTINTA!P70 -> 20 | J66: =DISTINTA!Q70 -> 20 | K66: =DISTINTA!R70 -> 1800 | L66: =DISTINTA!S70 -> 1800 | P66: =DISTINTA!W70 -> 1800 | Q66: =DISTINTA!X70 -> 1800
D67: =DISTINTA!K71 -> ▸ QUADRO GENERALE ▸ TOTALE | J67: =DISTINTA!Q71 -> 20 | L67: =DISTINTA!S71 -> 1800 | M67: =DISTINTA!T71 -> 0 | N67: =DISTINTA!U71 -> 0 | O67: =DISTINTA!V71 -> 0 | P67: =DISTINTA!W71 -> 1800 | Q67: =DISTINTA!X71 -> 1800
A68: =DISTINTA!H73 -> CENTRALINA METEO | B68: =DISTINTA!I73 -> 1 | C68: =DISTINTA!J73 -> 15T-CENTRALINAM | D68: =DISTINTA!K73 -> Box centralina meteo | E68: =DISTINTA!L73 -> ELETTROMECCANICA | H68: =DISTINTA!O73 -> 1 | I68: =DISTINTA!P73 -> 5 | J68: =DISTINTA!Q73 -> 5 | K68: =DISTINTA!R73 -> 600 | L68: =DISTINTA!S73 -> 600 | P68: =DISTINTA!W73 -> 600 | Q68: =DISTINTA!X73 -> 600
A69: =DISTINTA!H74 -> CENTRALINA METEO | B69: =DISTINTA!I74 -> 2 | C69: =DISTINTA!J74 -> 15T-PIRANOMETRO | D69: =DISTINTA!K74 -> Piranometro | E69: =DISTINTA!L74 -> ELETTROMECCANICA | H69: =DISTINTA!O74 -> 1 | I69: =DISTINTA!P74 -> 0.5 | J69: =DISTINTA!Q74 -> 0.5 | K69: =DISTINTA!R74 -> 350 | L69: =DISTINTA!S74 -> 350 | P69: =DISTINTA!W74 -> 350 | Q69: =DISTINTA!X74 -> 350
A70: =DISTINTA!H75 -> CENTRALINA METEO | B70: =DISTINTA!I75 -> 3 | C70: =DISTINTA!J75 -> 15T-SENSVELVEN | D70: =DISTINTA!K75 -> Anemometro | E70: =DISTINTA!L75 -> ELETTROMECCANICA | H70: =DISTINTA!O75 -> 1 | I70: =DISTINTA!P75 -> 0.5 | J70: =DISTINTA!Q75 -> 0.5 | K70: =DISTINTA!R75 -> 350 | L70: =DISTINTA!S75 -> 350 | P70: =DISTINTA!W75 -> 350 | Q70: =DISTINTA!X75 -> 350
A71: =DISTINTA!H76 -> CENTRALINA METEO | B71: =DISTINTA!I76 -> 4 | C71: =DISTINTA!J76 -> 15T-TERMARIA | D71: =DISTINTA!K76 -> Termometro Aria_ mSTA.l | E71: =DISTINTA!L76 -> ELETTROMECCANICA | H71: =DISTINTA!O76 -> 1 | I71: =DISTINTA!P76 -> 0.5 | J71: =DISTINTA!Q76 -> 0.5 | K71: =DISTINTA!R76 -> 300 | L71: =DISTINTA!S76 -> 300 | P71: =DISTINTA!W76 -> 300 | Q71: =DISTINTA!X76 -> 300
A72: =DISTINTA!H77 -> CENTRALINA METEO | B72: =DISTINTA!I77 -> 5 | C72: =DISTINTA!J77 -> 15T-TERMCONTP10 | D72: =DISTINTA!K77 -> Termometro a contatto P100_STC-i | E72: =DISTINTA!L77 -> ELETTROMECCANICA | H72: =DISTINTA!O77 -> 1 | I72: =DISTINTA!P77 -> 0.5 | J72: =DISTINTA!Q77 -> 0.5 | K72: =DISTINTA!R77 -> 300 | L72: =DISTINTA!S77 -> 300 | P72: =DISTINTA!W77 -> 300 | Q72: =DISTINTA!X77 -> 300
D73: =DISTINTA!K78 -> ▸ CENTRALINA METEO ▸ TOTALE | J73: =DISTINTA!Q78 -> 7 | L73: =DISTINTA!S78 -> 1900 | M73: =DISTINTA!T78 -> 0 | N73: =DISTINTA!U78 -> 0 | O73: =DISTINTA!V78 -> 0 | P73: =DISTINTA!W78 -> 1900 | Q73: =DISTINTA!X78 -> 1900
D75: TOTALE TRACKER 12 MODULI | J75: =J21+J37+J39+J53+J63+J65+J67+J73 -> 667.51215 | L75: =L21+L37+L39+L53+L63+L65+L67+L73 -> 6129.4597 | M75: =M21+M37+M39+M53+M63+M65+M67+M73 -> 556.89509 | N75: =N21+N37+N39+N53+N63+N65+N67+N73 -> 140.48424 | O75: =O21+O37+O39+O53+O63+O65+O67+O73 -> 118.9446 | P75: =P21+P37+P39+P53+P63+P65+P67+P73 -> 5432.0804 | Q75: =Q21+Q37+Q39+Q53+Q63+Q65+Q67+Q73 -> 6248.4043

Sheet DISTINTA PER FAMIGLIA
A1: DISTINTA PER FAMIGLIA – TRACKER 12 MODULI (1303)
A2: Vista collegata al foglio 'DISTINTA': stessa distinta, raggruppata per famiglia/categoria componente (Struttura, Pezzi speciali, Bulloneria, Elettromeccanica). Si aggiorna con la configurazione, ma le righe vanno estese a mano se si aggiungono nuovi blocchi/voci alla DISTINTA.
A3: Blocco | B3: Pos. | C3: Codice | D3: Descrizione | E3: Categoria | F3: Profilo / tipo | G3: Lungh. (m) | H3: Q.tà tracker | I3: Peso unit. (kg) | J3: Peso tot. (kg) | K3: Prezzo unit. (€) | L3: Importo (€) | M3: Materiale (€) | N3: Zincatura (€) | O3: Lavorazione (€) | P3: Commerciale (€) | Q3: Prezzo finale (€)
A4: =DISTINTA!H6 -> PILASTRO MOTORE | B4: =DISTINTA!I6 -> 1 | C4: =DISTINTA!J6 -> TTS.PF.001.IPE140.30 | D4: =DISTINTA!K6 -> Pilastro fondazione trave IPE 140 mt.003 | E4: =DISTINTA!L6 -> STRUTTURA | F4: =DISTINTA!M6 -> IPE 140 | G4: =DISTINTA!N6 -> 3 | H4: =DISTINTA!O6 -> 1 | ... Q4: =DISTINTA!X6 -> 60.46875
A5: =DISTINTA!H7 -> PILASTRO MOTORE | B5: =DISTINTA!I7 -> 2 | C5: =DISTINTA!J7 -> TTS.PM.001.IPE140.22 | D5: =DISTINTA!K7 -> Pilastro motore trave IPE 140 mt.002 | E5: =DISTINTA!L7 -> STRUTTURA | F5: =DISTINTA!M7 -> IPE 140 | G5: =DISTINTA!N7 -> 2.22 | H5: =DISTINTA!O7 -> 1 | ... Q5: =DISTINTA!X7 -> 44.746875
A6: =DISTINTA!H11 -> PILASTRO MOTORE | B6: =DISTINTA!I11 -> 6 | C6: =DISTINTA!J11 -> TTS.PM.002.IPE140 | D6: =DISTINTA!K11 -> Supporto laterale testa riduttore | E6: =DISTINTA!L11 -> STRUTTURA | F6: =DISTINTA!M11 -> Lamiera 8mm | G6: =DISTINTA!N11 -> 0 | H6: =DISTINTA!O11 -> 2 | ... Q6: =DISTINTA!X11 -> 16.11207
A7: =DISTINTA!H12 -> PILASTRO MOTORE | B7: =DISTINTA!I12 -> 7 | C7: =DISTINTA!J12 -> TTS.PM.003.IPE140 | D7: =DISTINTA!K12 -> Testa riduttore pilastro motore | E7: =DISTINTA!L12 -> STRUTTURA | F7: =DISTINTA!M12 -> Lamiera 4mm | G7: =DISTINTA!N12 -> 0 | H7: =DISTINTA!O12 -> 1 | ... Q7: =DISTINTA!X12 -> 4.47675
A8: =DISTINTA!H24 -> PILASTRO CUSCINETTO | B8: =DISTINTA!I24 -> 1 | C8: =DISTINTA!J24 -> TTS.PF.001.IPE140.30 | D8: =DISTINTA!K24 -> Pilastro fondazione trave IPE 140 mt.003 | E8: =DISTINTA!L24 -> STRUTTURA | F8: =DISTINTA!M24 -> IPE 140 | G8: =DISTINTA!N24 -> 3 | H8: =DISTINTA!O24 -> 2 | ... Q8: =DISTINTA!X24 -> 120.9375
A9: =DISTINTA!H25 -> PILASTRO CUSCINETTO | B9: =DISTINTA!I25 -> 2 | C9: =DISTINTA!J25 -> TTS.PC.001.IPE140.23 | D9: =DISTINTA!K25 -> Pilastro cuscinetto trave IPE 140 mt.002 | E9: =DISTINTA!L25 -> STRUTTURA | F9: =DISTINTA!M25 -> IPE 140 | G9: =DISTINTA!N25 -> 2.3 | H9: =DISTINTA!O25 -> 2 | ... Q9: =DISTINTA!X25 -> 92.71875
A10: =DISTINTA!H29 -> PILASTRO CUSCINETTO | B10: =DISTINTA!I29 -> 6 | C10: =DISTINTA!J29 -> TTS.PC.002.IPE140 | D10: =DISTINTA!K29 -> Supporto laterale testa cuscinetto | E10: =DISTINTA!L29 -> STRUTTURA | F10: =DISTINTA!M29 -> Tubo quadro80x80x 6 | G10: =DISTINTA!N29 -> 0 | H10: =DISTINTA!O29 -> 4 | ... Q10: =DISTINTA!X29 -> 15.17724
A11: =DISTINTA!H30 -> PILASTRO CUSCINETTO | B11: =DISTINTA!I30 -> 7 | C11: =DISTINTA!J30 -> TTS.PC.003.IPE140 | D11: =DISTINTA!K30 -> Supporto testa cuscinetto | E11: =DISTINTA!L30 -> STRUTTURA | F11: =DISTINTA!M30 -> Lamiera 6mm | G11: =DISTINTA!N30 -> 0 | H11: =DISTINTA!O30 -> 2 | ... Q11: =DISTINTA!X30 -> 9.60774
A12: =DISTINTA!H40 -> ASSI DI ROTAZIONE 1303 | B12: =DISTINTA!I40 -> 1 | C12: =DISTINTA!J40 -> TTS.AR.001.8250.25 | D12: =DISTINTA!K40 -> Asse lato motore 120x120x2,5 mm lungh. mt.008 | E12: =DISTINTA!L40 -> STRUTTURA | F12: =DISTINTA!M40 -> ASSE 120x120x2,5 | G12: =DISTINTA!N40 -> 8.25 | H12: =DISTINTA!O40 -> 2 | ... Q12: =DISTINTA!X40 -> 235.29
A13: =DISTINTA!H42 -> KIT OMEGA + PANNELLI | B13: =DISTINTA!I42 -> 1 | C13: =DISTINTA!J42 -> TTS.AR.3014 | D13: =DISTINTA!K42 -> Omega supporto pannello | E13: =DISTINTA!L42 -> STRUTTURA | F13: =DISTINTA!M42 -> OMEGA 2,0 | G13: =DISTINTA!N42 -> 1.5 | H13: =DISTINTA!O42 -> 14 | ... Q13: =DISTINTA!X42 -> 102.375
A14: =DISTINTA!H43 -> KIT OMEGA + PANNELLI | B14: =DISTINTA!I43 -> 2 | C14: =DISTINTA!J43 -> TTS.AR.3011 | D14: =DISTINTA!K43 -> Supporto a L superiore omega | E14: =DISTINTA!L43 -> STRUTTURA | F14: =DISTINTA!M43 -> SUPPORTO L | G14: =DISTINTA!N43 -> 0.63 | H14: =DISTINTA!O43 -> 28 | ... Q14: =DISTINTA!X43 -> 35.505792
A15: =DISTINTA!H44 -> KIT OMEGA + PANNELLI | B15: =DISTINTA!I44 -> 3 | C15: =DISTINTA!J44 -> TTS.AR.3012 | D15: =DISTINTA!K44 -> Supporto a V inferiore omega | E15: =DISTINTA!L44 -> STRUTTURA | F15: =DISTINTA!M44 -> SUPPORTO V | G15: =DISTINTA!N44 -> 1 | H15: =DISTINTA!O44 -> 28 | ... Q15: =DISTINTA!X44 -> 16.072
A16: =DISTINTA!H45 -> KIT OMEGA + PANNELLI | B16: =DISTINTA!I45 -> 4 | C16: =DISTINTA!J45 -> TTS.AR.3013 | D16: =DISTINTA!K45 -> Gaffa sotto omega | E16: =DISTINTA!L45 -> STRUTTURA | F16: =DISTINTA!M45 -> GAFFA | G16: =DISTINTA!N45 -> 1 | H16: =DISTINTA!O45 -> 14 | ... Q16: =DISTINTA!X45 -> 35.3024
D17: ▸ STRUTTURA – TOTALE | J17: =SUM(J4:J16) -> 529.83521 | L17: =SUM(L4:L16) -> 674.53275 | M17: =SUM(M4:M16) -> 542.05457 | N17: =SUM(N4:N16) -> 132.47817 | O17: =SUM(O4:O16) -> 114.25812 | P17: =SUM(P4:P16) -> 0 | Q17: =SUM(Q4:Q16) -> 788.79087
A18: =DISTINTA!H8 -> PILASTRO MOTORE | B18: =DISTINTA!I8 -> 3 | C18: =DISTINTA!J8 -> TTS.PF.002.IPE140 | D18: =DISTINTA!K8 -> Piastra giunzione montanti centrali 200x100x4 (8 fori Ø11) | E18: =DISTINTA!L8 -> PEZZI SPECIALI | F18: =DISTINTA!M8 -> Lamiera 4mm | G18: =DISTINTA!N8 -> 0 | H18: =DISTINTA!O8 -> 2 | ... Q18: =DISTINTA!X8 -> 2.1996
A19: =DISTINTA!H9 -> PILASTRO MOTORE | B19: =DISTINTA!I9 -> 4 | C19: =DISTINTA!J9 -> TTS.PF.003.IPE140 | D19: =DISTINTA!K9 -> Piastra giunzione montanti esterna 240x70x6 (12 fori Ø11) | E19: =DISTINTA!L9 -> PEZZI SPECIALI | F19: =DISTINTA!M9 -> Lamiera 6mm | G19: =DISTINTA!N9 -> 0 | H19: =DISTINTA!O9 -> 2 | ... Q19: =DISTINTA!X9 -> 2.771355
A20: =DISTINTA!H10 -> PILASTRO MOTORE | B20: =DISTINTA!I10 -> 5 | C20: =DISTINTA!J10 -> TTS.PF.004.IPE140 | D20: =DISTINTA!K10 -> Piastra giunzione montanti interna 240x25x6 (6 fori Ø11) | E20: =DISTINTA!L10 -> PEZZI SPECIALI | F20: =DISTINTA!M10 -> Lamiera 6mm | G20: =DISTINTA!N10 -> 0 | H20: =DISTINTA!O10 -> 4 | ... Q20: =DISTINTA!X10 -> 1.97964
A21: =DISTINTA!H26 -> PILASTRO CUSCINETTO | B21: =DISTINTA!I26 -> 3 | C21: =DISTINTA!J26 -> TTS.PF.002.IPE140 | D21: =DISTINTA!K26 -> Piastra giunzione montanti centrali 200x100x4 (8 fori Ø11) | E21: =DISTINTA!L26 -> PEZZI SPECIALI | F21: =DISTINTA!M26 -> Lamiera 4mm | G21: =DISTINTA!N26 -> 0 | H21: =DISTINTA!O26 -> 4 | ... Q21: =DISTINTA!X26 -> 4.3992
A22: =DISTINTA!H27 -> PILASTRO CUSCINETTO | B22: =DISTINTA!I27 -> 4 | C22: =DISTINTA!J27 -> TTS.PF.003.IPE140 | D22: =DISTINTA!K27 -> Piastra giunzione montanti esterna 240x70x6 (12 fori Ø11) | E22: =DISTINTA!L27 -> PEZZI SPECIALI | F22: =DISTINTA!M27 -> Lamiera 6mm | G22: =DISTINTA!N27 -> 0 | H22: =DISTINTA!O27 -> 4 | ... Q22: =DISTINTA!X27 -> 5.54271
A23: =DISTINTA!H28 -> PILASTRO CUSCINETTO | B23: =DISTINTA!I28 -> 5 | C23: =DISTINTA!J28 -> TTS.PF.004.IPE140 | D23: =DISTINTA!K28 -> Piastra giunzione montanti interna 240x25x6 (6 fori Ø11) | E23: =DISTINTA!L28 -> PEZZI SPECIALI | F23: =DISTINTA!M28 -> Lamiera 6mm | G23: =DISTINTA!N28 -> 0 | H23: =DISTINTA!O28 -> 8 | ... Q23: =DISTINTA!X28 -> 3.95928
A24: =DISTINTA!H56 -> KIT INCLINOMETRO | B24: =DISTINTA!I56 -> 1 | C24: =DISTINTA!J56 -> TTS.AR.4011 | D24: =DISTINTA!K56 -> Supporto superiore inclinometro | E24: =DISTINTA!L56 -> PEZZI SPECIALI | F24: =DISTINTA!M56 -> 0 | G24: =DISTINTA!N56 -> 0 | H24: =DISTINTA!O56 -> 1 | ... Q24: =DISTINTA!X56 -> 1.48473
A25: =DISTINTA!H57 -> KIT INCLINOMETRO | B25: =DISTINTA!I57 -> 2 | C25: =DISTINTA!J57 -> TTS.AR.4012 | D25: =DISTINTA!K57 -> Supporto inferiore inclinometro | E25: =DISTINTA!L57 -> PEZZI SPECIALI | F25: =DISTINTA!M57 -> 0 | G25: =DISTINTA!N57 -> 0 | H25: =DISTINTA!O57 -> 1 | ... Q25: =DISTINTA!X57 -> 5.196555
D26: ▸ PEZZI SPECIALI – TOTALE | J26: =SUM(J18:J25) -> 16.01214 | L26: =SUM(L18:L25) -> 22.84659 | M26: =SUM(M18:M25) -> 14.84052 | N26: =SUM(N18:N25) -> 8.00607 | O26: =SUM(O18:O25) -> 4.68648 | P26: =SUM(P18:P25) -> 0 | Q26: =SUM(Q18:Q25) -> 27.53307
A27: =DISTINTA!H13 -> PILASTRO MOTORE | B27: =DISTINTA!I13 -> 8 | C27: =DISTINTA!J13 -> 10BZ10X40 | D27: =DISTINTA!K13 -> Bullone testa esagonale zn M10X40 | E27: =DISTINTA!L13 -> BULLONERIA | F27: =DISTINTA!M13 -> 0 | G27: =DISTINTA!N13 -> 0 | H27: =DISTINTA!O13 -> 32 | ... Q27: =DISTINTA!X13 -> 2.2656
A28: =DISTINTA!H14 -> PILASTRO MOTORE | B28: =DISTINTA!I14 -> 9 | C28: =DISTINTA!J14 -> 10BZM10X40 | D28: =DISTINTA!K14 -> Bullone testa esagonale M10X40 | E28: =DISTINTA!L14 -> BULLONERIA | F28: =DISTINTA!M14 -> 0 | G28: =DISTINTA!N14 -> 0 | H28: =DISTINTA!O14 -> 8 | ... Q28: =DISTINTA!X14 -> 0.5664
A29: =DISTINTA!H15 -> PILASTRO MOTORE | B29: =DISTINTA!I15 -> 10 | C29: =DISTINTA!J15 -> 10BZM16X60 | D29: =DISTINTA!K15 -> Bullone testa esagonale M16X60 | E29: =DISTINTA!L15 -> BULLONERIA | F29: =DISTINTA!M15 -> 0 | G29: =DISTINTA!N15 -> 0 | H29: =DISTINTA!O15 -> 4 | ... Q29: =DISTINTA!X15 -> 1.1868
A30: =DISTINTA!H16 -> PILASTRO MOTORE | B30: =DISTINTA!I16 -> 11 | C30: =DISTINTA!J16 -> 10ROND10 | D30: =DISTINTA!K16 -> Rondella zn da 10 | E30: =DISTINTA!L16 -> BULLONERIA | F30: =DISTINTA!M16 -> 0 | G30: =DISTINTA!N16 -> 0 | H30: =DISTINTA!O16 -> 80 | ... Q30: =DISTINTA!X16 -> 0.736
A31: =DISTINTA!H17 -> PILASTRO MOTORE | B31: =DISTINTA!I17 -> 12 | C31: =DISTINTA!J17 -> 10ROND16 | D31: =DISTINTA!K17 -> Rondella zn da 16 | E31: =DISTINTA!L17 -> BULLONERIA | F31: =DISTINTA!M17 -> 0 | G31: =DISTINTA!N17 -> 0 | H31: =DISTINTA!O17 -> 8 | ... Q31: =DISTINTA!X17 -> 0.2472
A32: =DISTINTA!H18 -> PILASTRO MOTORE | B32: =DISTINTA!I18 -> 13 | C32: =DISTINTA!J18 -> 10DAZAM10 | D32: =DISTINTA!K18 -> Dado autobloccante M10 | E32: =DISTINTA!L18 -> BULLONERIA | F32: =DISTINTA!M18 -> 0 | G32: =DISTINTA!N18 -> 0 | H32: =DISTINTA!O18 -> 40 | ... Q32: =DISTINTA!X18 -> 1.06
A33: =DISTINTA!H19 -> PILASTRO MOTORE | B33: =DISTINTA!I19 -> 14 | C33: =DISTINTA!J19 -> 10DAZAM16 | D33: =DISTINTA!K19 -> Dado autobloccante M16 | E33: =DISTINTA!L19 -> BULLONERIA | F33: =DISTINTA!M19 -> 0 | G33: =DISTINTA!N19 -> 0 | H33: =DISTINTA!O19 -> 4 | ... Q33: =DISTINTA!X19 -> 0.3528
A34: =DISTINTA!H31 -> PILASTRO CUSCINETTO | B34: =DISTINTA!I31 -> 8 | C34: =DISTINTA!J31 -> 10BZ10X30 | D34: =DISTINTA!K31 -> Bullone testa esagonale M10X30 | E34: =DISTINTA!L31 -> BULLONERIA | F34: =DISTINTA!M31 -> 0 | G34: =DISTINTA!N31 -> 0 | H34: =DISTINTA!O31 -> 8 | ... Q34: =DISTINTA!X31 -> 0.5072
A35: =DISTINTA!H32 -> PILASTRO CUSCINETTO | B35: =DISTINTA!I32 -> 9 | C35: =DISTINTA!J32 -> 10BZ16X140 | D35: =DISTINTA!K32 -> Bullone testa esagonale M16x140 mezzo filetto | E35: =DISTINTA!L32 -> BULLONERIA | F35: =DISTINTA!M32 -> 0 | G35: =DISTINTA!N32 -> 0 | H35: =DISTINTA!O32 -> 4 | ... Q35: =DISTINTA!X32 -> 2.2356
A36: =DISTINTA!H33 -> PILASTRO CUSCINETTO | B36: =DISTINTA!I33 -> 10 | C36: =DISTINTA!J33 -> 10BZM10X40 | D36: =DISTINTA!K33 -> Bullone testa esagonale M10X40 | E36: =DISTINTA!L33 -> BULLONERIA | F36: =DISTINTA!M33 -> 0 | G36: =DISTINTA!N33 -> 0 | H36: =DISTINTA!O33 -> 64 | ... Q36: =DISTINTA!X33 -> 4.5312
A37: =DISTINTA!H34 -> PILASTRO CUSCINETTO | B37: =DISTINTA!I34 -> 11 | C37: =DISTINTA!J34 -> 10ROND10 | D37: =DISTINTA!K34 -> Rondella zn da 10 | E37: =DISTINTA!L34 -> BULLONERIA | F37: =DISTINTA!M34 -> 0 | G37: =DISTINTA!N34 -> 0 | H37: =DISTINTA!O34 -> 144 | ... Q37: =DISTINTA!X34 -> 1.3248
A38: =DISTINTA!H35 -> PILASTRO CUSCINETTO | B38: =DISTINTA!I35 -> 12 | C38: =DISTINTA!J35 -> 10ROND16 | D38: =DISTINTA!K35 -> Rondella zn da 16 | E38: =DISTINTA!L35 -> BULLONERIA | F38: =DISTINTA!M35 -> 0 | G38: =DISTINTA!N35 -> 0 | H38: =DISTINTA!O35 -> 8 | ... Q38: =DISTINTA!X35 -> 0.2472
A39: =DISTINTA!H36 -> PILASTRO CUSCINETTO | B39: =DISTINTA!I36 -> 13 | C39: =DISTINTA!J36 -> 10DAZAM10 | D39: =DISTINTA!K36 -> Dado autobloccante M10 | E39: =DISTINTA!L36 -> BULLONERIA | F39: =DISTINTA!M36 -> 0 | G39: =DISTINTA!N36 -> 0 | H39: =DISTINTA!O36 -> 72 | ... Q39: =DISTINTA!X36 -> 1.908
A40: =DISTINTA!H37 -> PILASTRO CUSCINETTO | B40: =DISTINTA!I37 -> 14 | C40: =DISTINTA!J37 -> 10DAZAM16 | D40: =DISTINTA!K37 -> Dado autobloccante M16 | E40: =DISTINTA!L37 -> BULLONERIA | F40: =DISTINTA!M37 -> 0 | G40: =DISTINTA!N37 -> 0 | H40: =DISTINTA!O37 -> 4 | ... Q40: =DISTINTA!X37 -> 0.3528
A41: =DISTINTA!H46 -> KIT OMEGA + PANNELLI | B41: =DISTINTA!I46 -> 5 | C41: =DISTINTA!J46 -> 10BZM6X150 | D41: =DISTINTA!K46 -> Bullone testa esagonale zn M6X150 | E41: =DISTINTA!L46 -> BULLONERIA | F41: =DISTINTA!M46 -> 0 | G41: =DISTINTA!N46 -> 0 | H41: =DISTINTA!O46 -> 28 | ... Q41: =DISTINTA!X46 -> 6.1992
A42: =DISTINTA!H47 -> KIT OMEGA + PANNELLI | B42: =DISTINTA!I47 -> 6 | C42: =DISTINTA!J47 -> 10BZM8X25 | D42: =DISTINTA!K47 -> Bullone testa esagonale zn M8X25 | E42: =DISTINTA!L47 -> BULLONERIA | F42: =DISTINTA!M47 -> 0 | G42: =DISTINTA!N47 -> 0 | H42: =DISTINTA!O47 -> 104 | ... Q42: =DISTINTA!X47 -> 3.0888
A43: =DISTINTA!H48 -> KIT OMEGA + PANNELLI | B43: =DISTINTA!I48 -> 7 | C43: =DISTINTA!J48 -> 10BZM10X160 | D43: =DISTINTA!K48 -> Bullone testa esagonale zn M10X160 | E43: =DISTINTA!L48 -> BULLONERIA | F43: =DISTINTA!M48 -> 0 | G43: =DISTINTA!N48 -> 0 | H43: =DISTINTA!O48 -> 56 | ... Q43: =DISTINTA!X48 -> 15.0416
A44: =DISTINTA!H49 -> KIT OMEGA + PANNELLI | B44: =DISTINTA!I49 -> 8 | C44: =DISTINTA!J49 -> 10ROND6 | D44: =DISTINTA!K49 -> Rondella zn 6 | E44: =DISTINTA!L49 -> BULLONERIA | F44: =DISTINTA!M49 -> 0 | G44: =DISTINTA!N49 -> 0 | H44: =DISTINTA!O49 -> 56 | ... Q44: =DISTINTA!X49 -> 0.2016
A45: =DISTINTA!H50 -> KIT OMEGA + PANNELLI | B45: =DISTINTA!I50 -> 9 | C45: =DISTINTA!J50 -> 10ROND8 | D45: =DISTINTA!K50 -> Rondella zn 8 | E45: =DISTINTA!L50 -> BULLONERIA | F45: =DISTINTA!M50 -> 0 | G45: =DISTINTA!N50 -> 0 | H45: =DISTINTA!O50 -> 172 | ... Q45: =DISTINTA!X50 -> 0.8428
A46: =DISTINTA!H51 -> KIT OMEGA + PANNELLI | B46: =DISTINTA!I51 -> 10 | C46: =DISTINTA!J51 -> 10ROND10 | D46: =DISTINTA!K51 -> Rondella zn 10 | E46: =DISTINTA!L51 -> BULLONERIA | F46: =DISTINTA!M51 -> 0 | G46: =DISTINTA!N51 -> 0 | H46: =DISTINTA!O51 -> 112 | ... Q46: =DISTINTA!X51 -> 1.0304
A47: =DISTINTA!H52 -> KIT OMEGA + PANNELLI | B47: =DISTINTA!I52 -> 11 | C47: =DISTINTA!J52 -> 10DAZAM6 | D47: =DISTINTA!K52 -> Dado autobloccante M6 | E47: =DISTINTA!L52 -> BULLONERIA | F47: =DISTINTA!M52 -> 0 | G47: =DISTINTA!N52 -> 0 | H47: =DISTINTA!O52 -> 28 | ... Q47: =DISTINTA!X52 -> 0.2184
A48: =DISTINTA!H53 -> KIT OMEGA + PANNELLI | B48: =DISTINTA!I53 -> 12 | C48: =DISTINTA!J53 -> 10DAZAM8 | D48: =DISTINTA!K53 -> Dado autobloccante M8 | E48: =DISTINTA!L53 -> BULLONERIA | F48: =DISTINTA!M53 -> 0 | G48: =DISTINTA!N53 -> 0 | H48: =DISTINTA!O53 -> 112 | ... Q48: =DISTINTA!X53 -> 1.4224
A49: =DISTINTA!H54 -> KIT OMEGA + PANNELLI | B49: =DISTINTA!I54 -> 13 | C49: =DISTINTA!J54 -> 10DADAZM8 | D49: =DISTINTA!K54 -> Dado autobloccante M8 zn | E49: =DISTINTA!L54 -> BULLONERIA | F49: =DISTINTA!M54 -> 0 | G49: =DISTINTA!N54 -> 0 | H49: =DISTINTA!O54 -> 48 | ... Q49: =DISTINTA!X54 -> 0.6624
A50: =DISTINTA!H59 -> KIT INCLINOMETRO | B50: =DISTINTA!I59 -> 4 | C50: =DISTINTA!J59 -> 10BZM8X150 | D50: =DISTINTA!K59 -> Bullone testa esagonale zn M8X150 | E50: =DISTINTA!L59 -> BULLONERIA | F50: =DISTINTA!M59 -> 0 | G50: =DISTINTA!N59 -> 0 | H50: =DISTINTA!O59 -> 4 | ... Q50: =DISTINTA!X59 -> 0.6636
A51: =DISTINTA!H60 -> KIT INCLINOMETRO | B51: =DISTINTA!I60 -> 5 | C51: =DISTINTA!J60 -> 10ROND8 | D51: =DISTINTA!K60 -> Rondella zn 8 | E51: =DISTINTA!L60 -> BULLONERIA | F51: =DISTINTA!M60 -> 0 | G51: =DISTINTA!N60 -> 0 | H51: =DISTINTA!O60 -> 8 | ... Q51: =DISTINTA!X60 -> 0.0392
A52: =DISTINTA!H61 -> KIT INCLINOMETRO | B52: =DISTINTA!I61 -> 6 | C52: =DISTINTA!J61 -> 10DAZAM8 | D52: =DISTINTA!K61 -> Dado autobloccante M8 | E52: =DISTINTA!L61 -> BULLONERIA | F52: =DISTINTA!M61 -> 0 | G52: =DISTINTA!N61 -> 0 | H52: =DISTINTA!O61 -> 4 | ... Q52: =DISTINTA!X61 -> 0.0508
A53: =DISTINTA!H62 -> KIT INCLINOMETRO | B53: =DISTINTA!I62 -> 7 | C53: =DISTINTA!J62 -> M5X30 8.8 ISO1207 | D53: =DISTINTA!K62 -> Bullone testa esagonale con intaglio M5x30 | E53: =DISTINTA!L62 -> BULLONERIA | F53: =DISTINTA!M62 -> 0 | G53: =DISTINTA!N62 -> 0 | H53: =DISTINTA!O62 -> 4 | ... Q53: =DISTINTA!X62 -> 0.0648
A54: =DISTINTA!H63 -> KIT INCLINOMETRO | B54: =DISTINTA!I63 -> 8 | C54: =DISTINTA!J63 -> 10ROND5 | D54: =DISTINTA!K63 -> Rondella ZN da 5 | E54: =DISTINTA!L63 -> BULLONERIA | F54: =DISTINTA!M63 -> 0 | G54: =DISTINTA!N63 -> 0 | H54: =DISTINTA!O63 -> 4 | ... Q54: =DISTINTA!X63 -> 0.0076
A55: =DISTINTA!H64 -> KIT INCLINOMETRO | B55: =DISTINTA!I64 -> 9 | C55: =DISTINTA!J64 -> 10DAZAM5 | D55: =DISTINTA!K64 -> Dado zincato autobloc. M5 | E55: =DISTINTA!L64 -> BULLONERIA | F55: =DISTINTA!M64 -> 0 | G55: =DISTINTA!N64 -> 0 | H55: =DISTINTA!O64 -> 4 | ... Q55: =DISTINTA!X64 -> 0.0252
D56: ▸ BULLONERIA – TOTALE | J56: =SUM(J27:J55) -> 16.3648 | L56: =SUM(L27:L55) -> 47.0804 | M56: =SUM(M27:M55) -> 0 | N56: =SUM(N27:N55) -> 0 | O56: =SUM(O27:O55) -> 0 | P56: =SUM(P27:P55) -> 47.0804 | Q56: =SUM(Q27:Q55) -> 47.0804
A57: =DISTINTA!H20 -> PILASTRO MOTORE | B57: =DISTINTA!I20 -> 15 | C57: =DISTINTA!J20 -> 15T-MOTORIDUTTORE | D57: =DISTINTA!K20 -> Motoriduttore | E57: =DISTINTA!L20 -> ELETTROMECCANICA | F57: =DISTINTA!M20 -> 0 | G57: =DISTINTA!N20 -> 0 | H57: =DISTINTA!O20 -> 1 | ... Q57: =DISTINTA!X20 -> 300
A58: =DISTINTA!H21 -> PILASTRO MOTORE | B58: =DISTINTA!I21 -> 16 | C58: =DISTINTA!J21 -> 15T-QDSTMOTORE | D58: =DISTINTA!K21 -> Quadro sotto motore | E58: =DISTINTA!L21 -> ELETTROMECCANICA | F58: =DISTINTA!M21 -> 0 | G58: =DISTINTA!N21 -> 0 | H58: =DISTINTA!O21 -> 1 | ... Q58: =DISTINTA!X21 -> 160
A59: =DISTINTA!H22 -> PILASTRO MOTORE | B59: =DISTINTA!I22 -> 17 | C59: =DISTINTA!J22 -> 10S-FC | D59: =DISTINTA!K22 -> Finecorsa elettrico | E59: =DISTINTA!L22 -> ELETTROMECCANICA | F59: =DISTINTA!M22 -> 0 | G59: =DISTINTA!N22 -> 0 | H59: =DISTINTA!O22 -> 1 | ... Q59: =DISTINTA!X22 -> 27
A60: =DISTINTA!H38 -> PILASTRO CUSCINETTO | B60: =DISTINTA!I38 -> 15 | C60: =DISTINTA!J38 -> 15T-CUSCINETTO | D60: =DISTINTA!K38 -> Cuscinetto asse di rotazione | E60: =DISTINTA!L38 -> ELETTROMECCANICA | F60: =DISTINTA!M38 -> 0 | G60: =DISTINTA!N38 -> 0 | H60: =DISTINTA!O38 -> 2 | ... Q60: =DISTINTA!X38 -> 28
A61: =DISTINTA!H58 -> KIT INCLINOMETRO | B61: =DISTINTA!I58 -> 3 | C61: =DISTINTA!J58 -> 15T-INCLINOMETRO | D61: =DISTINTA!K58 -> Inclinometro | E61: =DISTINTA!L58 -> ELETTROMECCANICA | F61: =DISTINTA!M58 -> 0 | G61: =DISTINTA!N58 -> 0 | H61: =DISTINTA!O58 -> 1 | ... Q61: =DISTINTA!X58 -> 170
A62: =DISTINTA!H67 -> QUADRO AREA A | B62: =DISTINTA!I67 -> 1 | C62: =DISTINTA!J67 -> 15T-QUADA | D62: =DISTINTA!K67 -> Quadro Area A | E62: =DISTINTA!L67 -> ELETTROMECCANICA | F62: =DISTINTA!M67 -> 0 | G62: =DISTINTA!N67 -> 0 | H62: =DISTINTA!O67 -> 1 | ... Q62: =DISTINTA!X67 -> 1000
A63: =DISTINTA!H70 -> QUADRO GENERALE | B63: =DISTINTA!I70 -> 1 | C63: =DISTINTA!J70 -> 15T-QUADGEN | D63: =DISTINTA!K70 -> Quadro Generale | E63: =DISTINTA!L70 -> ELETTROMECCANICA | H63: =DISTINTA!O70 -> 1 | I63: =DISTINTA!P70 -> 20 | J63: =DISTINTA!Q70 -> 20 | K63: =DISTINTA!R70 -> 1800 | L63: =DISTINTA!S70 -> 1800 | P63: =DISTINTA!W70 -> 1800 | Q63: =DISTINTA!X70 -> 1800
A64: =DISTINTA!H73 -> CENTRALINA METEO | B64: =DISTINTA!I73 -> 1 | C64: =DISTINTA!J73 -> 15T-CENTRALINAM | D64: =DISTINTA!K73 -> Box centralina meteo | E64: =DISTINTA!L73 -> ELETTROMECCANICA | H64: =DISTINTA!O73 -> 1 | I64: =DISTINTA!P73 -> 5 | J64: =DISTINTA!Q73 -> 5 | K64: =DISTINTA!R73 -> 600 | L64: =DISTINTA!S73 -> 600 | P64: =DISTINTA!W73 -> 600 | Q64: =DISTINTA!X73 -> 600
A65: =DISTINTA!H74 -> CENTRALINA METEO | B65: =DISTINTA!I74 -> 2 | C65: =DISTINTA!J74 -> 15T-PIRANOMETRO | D65: =DISTINTA!K74 -> Piranometro | E65: =DISTINTA!L74 -> ELETTROMECCANICA | H65: =DISTINTA!O74 -> 1 | I65: =DISTINTA!P74 -> 0.5 | J65: =DISTINTA!Q74 -> 0.5 | K65: =DISTINTA!R74 -> 350 | L65: =DISTINTA!S74 -> 350 | P65: =DISTINTA!W74 -> 350 | Q65: =DISTINTA!X74 -> 350
A66: =DISTINTA!H75 -> CENTRALINA METEO | B66: =DISTINTA!I75 -> 3 | C66: =DISTINTA!J75 -> 15T-SENSVELVEN | D66: =DISTINTA!K75 -> Anemometro | E66: =DISTINTA!L75 -> ELETTROMECCANICA | H66: =DISTINTA!O75 -> 1 | I66: =DISTINTA!P75 -> 0.5 | J66: =DISTINTA!Q75 -> 0.5 | K66: =DISTINTA!R75 -> 350 | L66: =DISTINTA!S75 -> 350 | P66: =DISTINTA!W75 -> 350 | Q66: =DISTINTA!X75 -> 350
A67: =DISTINTA!H76 -> CENTRALINA METEO | B67: =DISTINTA!I76 -> 4 | C67: =DISTINTA!J76 -> 15T-TERMARIA | D67: =DISTINTA!K76 -> Termometro Aria_ mSTA.l | E67: =DISTINTA!L76 -> ELETTROMECCANICA | H67: =DISTINTA!O76 -> 1 | I67: =DISTINTA!P76 -> 0.5 | J67: =DISTINTA!Q76 -> 0.5 | K67: =DISTINTA!R76 -> 300 | L67: =DISTINTA!S76 -> 300 | P67: =DISTINTA!W76 -> 300 | Q67: =DISTINTA!X76 -> 300
A68: =DISTINTA!H77 -> CENTRALINA METEO | B68: =DISTINTA!I77 -> 5 | C68: =DISTINTA!J77 -> 15T-TERMCONTP10 | D68: =DISTINTA!K77 -> Termometro a contatto P100_STC-i | E68: =DISTINTA!L77 -> ELETTROMECCANICA | H68: =DISTINTA!O77 -> 1 | I68: =DISTINTA!P77 -> 0.5 | J68: =DISTINTA!Q77 -> 0.5 | K68: =DISTINTA!R77 -> 300 | L68: =DISTINTA!S77 -> 300 | P68: =DISTINTA!W77 -> 300 | Q68: =DISTINTA!X77 -> 300
D69: ▸ ELETTROMECCANICA ▸ TOTALE | J69: =SUM(J57:J68) -> 105.3 | L69: =SUM(L57:L68) -> 5385 | M69: =SUM(M57:M68) -> 0 | N69: =SUM(N57:N68) -> 0 | O69: =SUM(O57:O68) -> 0 | P69: =SUM(P57:P68) -> 5385 | Q69: =SUM(Q57:Q68) -> 5385
D71: TOTALE TRACKER 12 MODULI | J71: =J17+J26+J56+J69 -> 667.51215 | L71: =L17+L26+L56+L69 -> 6129.4597 | M71: =M17+M26+M56+M69 -> 556.89509 | N71: =N17+N26+N56+N69 -> 140.48424 | O71: =O17+O26+O56+O69 -> 118.9446 | P71: =P17+P26+P56+P69 -> 5432.0804 | Q71: =Q17+Q26+Q56+Q69 -> 6248.4043

Sheet TRACKER 18 MODULI
A1: CONFIGURATORE TRACKER 18 MODULI – 1303
A2: Blocchi STRUTTURA - PEZZI SPECIALI - BULLONERIA. Pesi e prezzi da SCHEDA STRUTTURA / PEZZI SPECIALI / BULLONERIA (LISTINO rev.28). Celle gialle = da impostare. Prezzi PEZZI SPECIALI calcolati nel foglio DATI-PEZZI SPECIALI (stesse regole della struttura, riga IPE 140).
A4: 1 · SCELTE DI CONFIGURAZIONE | H4: 2 · DISTINTA CONFIGURATA – 18 MODULI
A5: Parametro | C5: Valore | E5: Opzioni / note | H5: Blocco | I5: Pos. | J5: Codice | K5: Descrizione | L5: Categoria | M5: Profilo / tipo | N5: Lungh. (m) | O5: Q.tà tracker | P5: Peso unit. (kg) | Q5: Peso tot. (kg) | R5: Prezzo unit. (€) | S5: Importo (€) | T5: Materiale (€) | U5: Zincatura (€) | V5: Lavorazione (€) | W5: Commerciale (€) | X5: Prezzo finale (€)
A6: N. moduli tracker | C6: 18 | E6: fisso in questa fase | H6: PILASTRO MOTORE | I6: 1 | J6: ="TTS.PF.001."&IF(PROF_FOND="IPEA 140","IPEA140","IPE140")&"."&TEXT(INT(L_FOND*10+0.05),"00") -> TTS.PF.001.IPE140.30 | K6: ="Pilastro fondazione trave "&PROF_FOND&" mt."&TEXT(L_FOND,"0.00") -> Pilastro fondazione trave IPE 140 mt.003 | L6: STRUTTURA | M6: =PROF_FOND -> IPE 140 | N6: =L_FOND -> 3 | O6: =IF(TIPO_IMPIANTO="Basso",0,N_MOT*1) -> 1 | P6: =N6*VLOOKUP(M6,PROFILI,4,0) -> 39.6675 | Q6: =O6*P6 -> 39.6675 | R6: =P6/(1+VLOOKUP(M6,PROFILI,3,0))*VLOOKUP(M6,PROFILI,5,0)+IF(VLOOKUP(M6,PROFILI,6,0)=0,0,P6*VLOOKUP(M6,PROFILI,6,0)) -> 56.59875 | S6: =O6*R6 -> 56.59875 | T6: =O6*N6*VLOOKUP(M6,PROFILI,8,0) -> 36.765 | U6: =O6*N6*VLOOKUP(M6,PROFILI,9,0) -> 19.83375 | V6: =O6*N6*VLOOKUP(M6,PROFILI,12,0) -> 3.87 | W6: 0 | X6: =SUM(T6:W6) -> 60.46875
A7: N. pilastro motore | C7: 1 | E7: 1 per tracker | H7: PILASTRO MOTORE | I7: 2 | J7: ="TTS.PM.001."&IF(PROF_MOT="IPEA 140","IPEA140","IPE140")&"."&TEXT(INT(L_MOT*10+0.05),"00") -> TTS.PM.001.IPE140.22 | K7: ="Pilastro motore trave "&PROF_MOT&" mt."&TEXT(L_MOT,"0.00") -> Pilastro motore trave IPE 140 mt.002 | L7: STRUTTURA | M7: =PROF_MOT -> IPE 140 | N7: =L_MOT -> 2.22 | O7: =N_MOT*1 -> 1 | P7: =N7*VLOOKUP(M7,PROFILI,4,0) -> 29.35395 | Q7: =O7*P7 -> 29.35395 | R7: =P7/(1+VLOOKUP(M7,PROFILI,3,0))*VLOOKUP(M7,PROFILI,5,0)+IF(VLOOKUP(M7,PROFILI,6,0)=0,0,P7*VLOOKUP(M7,PROFILI,6,0)) -> 41.883075 | S7: =O7*R7 -> 41.883075 | T7: =O7*N7*VLOOKUP(M7,PROFILI,8,0) -> 27.2061 | U7: =O7*N7*VLOOKUP(M7,PROFILI,9,0) -> 14.676975 | V7: =O7*N7*VLOOKUP(M7,PROFILI,12,0) -> 2.8638 | X7: =SUM(T7:W7) -> 44.746875
A8: N. pilastro cuscinetto | C8: 4 | E8: 18 moduli = 1 pilastro motore + 4 pilastri cuscinetto | H8: PILASTRO MOTORE | I8: 3 | J8: TTS.PF.002.IPE140 | K8: Piastra giunzione montanti centrali 200x100x4 (8 fori Ø11) | L8: PEZZI SPECIALI | M8: Lamiera 4mm | O8: =IF(TIPO_IMPIANTO="Basso",0,N_MOT*2) -> 2 | P8: =VLOOKUP(J8,PEZZI,7,0) -> 0.6396 | Q8: =O8*P8 -> 1.2792 | R8: =VLOOKUP(J8,PEZZI,10,0) -> 0.9126 | S8: =O8*R8 -> 1.8252 | T8: =O8*VLOOKUP(J8,PEZZI,8,0) -> 1.1856 | U8: =O8*VLOOKUP(J8,PEZZI,9,0) -> 0.6396 | V8: =O8*VLOOKUP(J8,PEZZI,12,0) -> 0.3744 | X8: =SUM(T8:W8) -> 2.1996
A9: N. kit omega (supporto pannello) | C9: 20 | E9: 18 moduli | H9: PILASTRO MOTORE | I9: 4 | J9: TTS.PF.003.IPE140 | K9: Piastra giunzione montanti esterna 240x70x6 (12 fori Ø11) | L9: PEZZI SPECIALI | M9: Lamiera 6mm | O9: =IF(TIPO_IMPIANTO="Basso",0,N_MOT*2) -> 2 | P9: =VLOOKUP(J9,PEZZI,7,0) -> 0.805855 | Q9: =O9*P9 -> 1.61171 | R9: =VLOOKUP(J9,PEZZI,10,0) -> 1.1498175 | S9: =O9*R9 -> 2.299635 | T9: =O9*VLOOKUP(J9,PEZZI,8,0) -> 1.49378 | U9: =O9*VLOOKUP(J9,PEZZI,9,0) -> 0.805855 | V9: =O9*VLOOKUP(J9,PEZZI,12,0) -> 0.47172 | X9: =SUM(T9:W9) -> 2.771355
A10: N. kit pannello | C10: 18 | E10: 1 per modulo | H10: PILASTRO MOTORE | I10: 5 | J10: TTS.PF.004.IPE140 | K10: Piastra giunzione montanti interna 240x25x6 (6 fori Ø11) | L10: PEZZI SPECIALI | M10: Lamiera 6mm | O10: =IF(TIPO_IMPIANTO="Basso",0,N_MOT*4) -> 4 | P10: =VLOOKUP(J10,PEZZI,7,0) -> 0.28782 | Q10: =O10*P10 -> 1.15128 | R10: =VLOOKUP(J10,PEZZI,10,0) -> 0.41067 | S10: =O10*R10 -> 1.64268 | T10: =O10*VLOOKUP(J10,PEZZI,8,0) -> 1.06704 | U10: =O10*VLOOKUP(J10,PEZZI,9,0) -> 0.57564 | V10: =O10*VLOOKUP(J10,PEZZI,12,0) -> 0.33696 | X10: =SUM(T10:W10) -> 1.97964
A11: Tipo impianto | C11: Agrivoltaico | E11: Agrivoltaico = pilastri in 2 pezzi + piastre di giunzione · Basso = pilastro unico, senza piastre (cuscinetto da 2,80) | H11: PILASTRO MOTORE | I11: 6 | J11: TTS.PM.002.IPE140 | K11: Supporto laterale testa riduttore | L11: STRUTTURA | M11: Lamiera 8mm | O11: =N_MOT*2 -> 2 | P11: =VLOOKUP(J11,PEZZI_STRUTT,7,0) -> 4.68507 | Q11: =O11*P11 -> 9.37014 | R11: =VLOOKUP(J11,PEZZI_STRUTT,10,0) -> 6.684795 | S11: =O11*R11 -> 13.36959 | T11: =O11*VLOOKUP(J11,PEZZI_STRUTT,8,0) -> 8.68452 | U11: =O11*VLOOKUP(J11,PEZZI_STRUTT,9,0) -> 4.68507 | V11: =O11*VLOOKUP(J11,PEZZI_STRUTT,12,0) -> 2.74248 | X11: =SUM(T11:W11) -> 16.11207
A12: Profilo pilastro fondazione | C12: IPE 140 | E12: IPE 140 / IPEA 140 (alleggerita) | H12: PILASTRO MOTORE | I12: 7 | J12: TTS.PM.003.IPE140 | K12: Testa riduttore pilastro motore | L12: STRUTTURA | M12: Lamiera 4mm | O12: =N_MOT*1 -> 1 | P12: =VLOOKUP(J12,PEZZI_STRUTT,7,0) -> 2.6035 | Q12: =O12*P12 -> 2.6035 | R12: =VLOOKUP(J12,PEZZI_STRUTT,10,0) -> 3.71475 | S12: =O12*R12 -> 3.71475 | T12: =O12*VLOOKUP(J12,PEZZI_STRUTT,8,0) -> 2.413 | U12: =O12*VLOOKUP(J12,PEZZI_STRUTT,9,0) -> 1.30175 | V12: =O12*VLOOKUP(J12,PEZZI_STRUTT,12,0) -> 0.762 | X12: =SUM(T12:W12) -> 4.47675
A13: Lunghezza pilastro fondazione | C13: 3 | E13: m - 2,60 ... 3,60 (usato solo con Agrivoltaico) | H13: PILASTRO MOTORE | I13: 8 | J13: 10BZ10X40 | K13: Bullone testa esagonale zn M10X40 | L13: BULLONERIA | O13: =IF(TIPO_IMPIANTO="Basso",0,N_MOT*32) -> 32 | P13: =VLOOKUP(J13,BULLONI,3,0) -> 0.0305 | Q13: =O13*P13 -> 0.976 | R13: =VLOOKUP(J13,BULLONI,4,0) -> 0.0708 | S13: =O13*R13 -> 2.2656 | W13: =S13 -> 2.2656 | X13: =SUM(T13:W13) -> 2.2656
A14: Profilo pilastro motore | C14: IPE 140 | E14: IPE 140 / IPEA 140 | H14: PILASTRO MOTORE | I14: 9 | J14: 10BZM10X40 | K14: Bullone testa esagonale M10X40 | L14: BULLONERIA | O14: =N_MOT*8 -> 8 | P14: =VLOOKUP(J14,BULLONI,3,0) -> 0.0305 | Q14: =O14*P14 -> 0.244 | R14: =VLOOKUP(J14,BULLONI,4,0) -> 0.0708 | S14: =O14*R14 -> 0.5664 | W14: =S14 -> 0.5664 | X14: =SUM(T14:W14) -> 0.5664
A15: Lunghezza pilastro motore | C15: =L_CUSC-0.08 -> 2.22 | E15: m - automatico: = pilastro cuscinetto - 0,08 | H15: PILASTRO MOTORE | I15: 10 | J15: 10BZM16X60 | K15: Bullone testa esagonale M16X60 | L15: BULLONERIA | O15: =N_MOT*4 -> 4 | P15: =VLOOKUP(J15,BULLONI,3,0) -> 0.11 | Q15: =O15*P15 -> 0.44 | R15: =VLOOKUP(J15,BULLONI,4,0) -> 0.2967 | S15: =O15*R15 -> 1.1868 | W15: =S15 -> 1.1868 | X15: =SUM(T15:W15) -> 1.1868
A16: Profilo pilastro cuscinetto | C16: IPE 140 | E16: IPE 140 / IPEA 140 | H16: PILASTRO MOTORE | I16: 11 | J16: 10ROND10 | K16: Rondella zn da 10 | L16: BULLONERIA | O16: =IF(TIPO_IMPIANTO="Basso",N_MOT*16,N_MOT*80) -> 80 | P16: =VLOOKUP(J16,BULLONI,3,0) -> 0.0039 | Q16: =O16*P16 -> 0.312 | R16: =VLOOKUP(J16,BULLONI,4,0) -> 0.0092 | S16: =O16*R16 -> 0.736 | W16: =S16 -> 0.736 | X16: =SUM(T16:W16) -> 0.736
A17: Lunghezza pilastro cuscinetto | C17: 2.3 | E17: m - Agrivoltaico: da 2,30 · Basso: da 2,80 | H17: PILASTRO MOTORE | I17: 12 | J17: 10ROND16 | K17: Rondella zn da 16 | L17: BULLONERIA | O17: =N_MOT*8 -> 8 | P17: =VLOOKUP(J17,BULLONI,3,0) -> 0.0135 | Q17: =O17*P17 -> 0.108 | R17: =VLOOKUP(J17,BULLONI,4,0) -> 0.0309 | S17: =O17*R17 -> 0.2472 | W17: =S17 -> 0.2472 | X17: =SUM(T17:W17) -> 0.2472
A18: Asse di rotazione - spessore | C18: 2,5 mm | E18: 3,0 mm = 120x120x3 / 2,5 mm = 120x120x2,5 | H18: PILASTRO MOTORE | I18: 13 | J18: 10DAZAM10 | K18: Dado autobloccante M10 | L18: BULLONERIA | O18: =IF(TIPO_IMPIANTO="Basso",N_MOT*8,N_MOT*40) -> 40 | P18: =VLOOKUP(J18,BULLONI,3,0) -> 0.009 | Q18: =O18*P18 -> 0.36 | R18: =VLOOKUP(J18,BULLONI,4,0) -> 0.0265 | S18: =O18*R18 -> 1.06 | W18: =S18 -> 1.06 | X18: =SUM(T18:W18) -> 1.06
A19: Asse lato motore - lunghezza | C19: 7.2 | E19: m - asse lato motore, 18 moduli (2 assi) | H19: PILASTRO MOTORE | I19: 14 | J19: 10DAZAM16 | K19: Dado autobloccante M16 | L19: BULLONERIA | O19: =N_MOT*4 -> 4 | P19: =VLOOKUP(J19,BULLONI,3,0) -> 0.036 | Q19: =O19*P19 -> 0.144 | R19: =VLOOKUP(J19,BULLONI,4,0) -> 0.0882 | S19: =O19*R19 -> 0.3528 | W19: =S19 -> 0.3528 | X19: =SUM(T19:W19) -> 0.3528
A20: Omega supporto pannello | C20: OMEGA 2,0 | E20: OMEGA 2,0 / OMEGA 1,8 | H20: PILASTRO MOTORE | I20: 15 | J20: 15T-MOTORIDUTTORE | K20: Motoriduttore | L20: ELETTROMECCANICA | O20: =N_MOT*1 -> 1 | P20: =VLOOKUP(J20,ELETTROMECC,3,0) -> 50 | Q20: =O20*P20 -> 50 | R20: =VLOOKUP(J20,ELETTROMECC,6,0) -> 300 | S20: =O20*R20 -> 300 | W20: =S20 -> 300 | X20: =SUM(T20:W20) -> 300
A21: Maggiorazione zincatura | C21: 0.025 | E21: da SCHEDA STRUTTURA (su peso e su costo zincatura) | H21: PILASTRO MOTORE | I21: 16 | J21: 15T-QDSTMOTORE | K21: Quadro sotto motore | L21: ELETTROMECCANICA | O21: =N_MOT*1 -> 1 | P21: =VLOOKUP(J21,ELETTROMECC,3,0) -> 5 | Q21: =O21*P21 -> 5 | R21: =VLOOKUP(J21,ELETTROMECC,6,0) -> 160 | S21: =O21*R21 -> 160 | W21: =S21 -> 160 | X21: =SUM(T21:W21) -> 160
A22: Asse esterno - lunghezza | C22: 5 | E22: m - asse esterno 120x120, 18 moduli (2 assi) | H22: PILASTRO MOTORE | I22: 17 | J22: 10S-FC | K22: Finecorsa elettrico | L22: ELETTROMECCANICA | O22: =N_MOT*1 -> 1 | P22: =VLOOKUP(J22,ELETTROMECC,3,0) -> 0.8 | Q22: =O22*P22 -> 0.8 | R22: =VLOOKUP(J22,ELETTROMECC,6,0) -> 27 | S22: =O22*R22 -> 27 | W22: =S22 -> 27 | X22: =SUM(T22:W22) -> 27
A23: 3 · RIEPILOGO PESI E COSTI – TRACKER 18 MODULI | K23: ▸ PILASTRO MOTORE – TOTALE | Q23: =SUM(Q6:Q22) -> 143.42128 | S23: =SUM(S6:S22) -> 614.74848 | T23: =SUM(T6:T22) -> 78.81504 | U23: =SUM(U6:U22) -> 42.51864 | V23: =SUM(V6:V22) -> 11.42136 | W23: =SUM(W6:W22) -> 493.4148 | X23: =SUM(X6:X22) -> 626.16984
A24: Per blocco di assieme | C24: Peso (kg) | D24: Costo (€) | E24: Prezzo finale (€) | H24: PILASTRO CUSCINETTO | I24: 1 | J24: ="TTS.PF.001."&IF(PROF_FOND="IPEA 140","IPEA140","IPE140")&"."&TEXT(INT(L_FOND*10+0.05),"00") -> TTS.PF.001.IPE140.30 | K24: ="Pilastro fondazione trave "&PROF_FOND&" mt."&TEXT(L_FOND,"0.00") -> Pilastro fondazione trave IPE 140 mt.003 | L24: STRUTTURA | M24: =PROF_FOND -> IPE 140 | N24: =L_FOND -> 3 | O24: =IF(TIPO_IMPIANTO="Basso",0,N_CUSC*1) -> 4 | P24: =N24*VLOOKUP(M24,PROFILI,4,0) -> 39.6675 | Q24: =O24*P24 -> 158.67 | R24: =P24/(1+VLOOKUP(M24,PROFILI,3,0))*VLOOKUP(M24,PROFILI,5,0)+IF(VLOOKUP(M24,PROFILI,6,0)=0,0,P24*VLOOKUP(M24,PROFILI,6,0)) -> 56.59875 | S24: =O24*R24 -> 226.395 | T24: =O24*N24*VLOOKUP(M24,PROFILI,8,0) -> 147.06 | U24: =O24*N24*VLOOKUP(M24,PROFILI,9,0) -> 79.335 | V24: =O24*N24*VLOOKUP(M24,PROFILI,12,0) -> 15.48 | X24: =SUM(T24:W24) -> 241.875
A25: PILASTRO MOTORE | C25: =SUMIF($H$6:$H$85,"PILASTRO MOTORE",$Q$6:$Q$85) -> 143.42128 | D25: =SUMIF($H$6:$H$85,"PILASTRO MOTORE",$S$6:$S$85) -> 614.74848 | E25: =SUMIF($H$6:$H$85,"PILASTRO MOTORE",$X$6:$X$85) -> 626.16984 | H25: PILASTRO CUSCINETTO | I25: 2 | J25: ="TTS.PC.001."&IF(PROF_CUSC="IPEA 140","IPEA140","IPE140")&"."&TEXT(INT(L_CUSC*10+0.05),"00") -> TTS.PC.001.IPE140.23 | K25: ="Pilastro cuscinetto trave "&PROF_CUSC&" mt."&TEXT(L_CUSC,"0.00") -> Pilastro cuscinetto trave IPE 140 mt.002 | L25: STRUTTURA | M25: =PROF_CUSC -> IPE 140 | N25: =L_CUSC -> 2.3 | O25: =N_CUSC*1 -> 4 | P25: =N25*VLOOKUP(M25,PROFILI,4,0) -> 30.41175 | Q25: =O25*P25 -> 121.647 | R25: =P25/(1+VLOOKUP(M25,PROFILI,3,0))*VLOOKUP(M25,PROFILI,5,0)+IF(VLOOKUP(M25,PROFILI,6,0)=0,0,P25*VLOOKUP(M25,PROFILI,6,0)) -> 43.392375 | S25: =O25*R25 -> 173.5695 | T25: =O25*N25*VLOOKUP(M25,PROFILI,8,0) -> 112.746 | U25: =O25*N25*VLOOKUP(M25,PROFILI,9,0) -> 60.8235 | V25: =O25*N25*VLOOKUP(M25,PROFILI,12,0) -> 11.868 | X25: =SUM(T25:W25) -> 185.4375
A26: PILASTRO CUSCINETTO | C26: =SUMIF($H$6:$H$85,"PILASTRO CUSCINETTO",$Q$6:$Q$85) -> 346.21288 | D26: =SUMIF($H$6:$H$85,"PILASTRO CUSCINETTO",$S$6:$S$85) -> 542.38068 | E26: =SUMIF($H$6:$H$85,"PILASTRO CUSCINETTO",$X$6:$X$85) -> 582.89844 | H26: PILASTRO CUSCINETTO | I26: 3 | J26: TTS.PF.002.IPE140 | K26: Piastra giunzione montanti centrali 200x100x4 (8 fori Ø11) | L26: PEZZI SPECIALI | M26: Lamiera 4mm | O26: =IF(TIPO_IMPIANTO="Basso",0,N_CUSC*2) -> 8 | P26: =VLOOKUP(J26,PEZZI,7,0) -> 0.6396 | Q26: =O26*P26 -> 5.1168 | R26: =VLOOKUP(J26,PEZZI,10,0) -> 0.9126 | S26: =O26*R26 -> 7.3008 | T26: =O26*VLOOKUP(J26,PEZZI,8,0) -> 4.7424 | U26: =O26*VLOOKUP(J26,PEZZI,9,0) -> 2.5584 | V26: =O26*VLOOKUP(J26,PEZZI,12,0) -> 1.4976 | X26: =SUM(T26:W26) -> 8.7984
A27: ASSI DI ROTAZIONE 1303 | C27: =SUMIF($H$6:$H$85,"ASSI DI ROTAZIONE 1303",$Q$6:$Q$85) -> 251.7718 | D27: =SUMIF($H$6:$H$85,"ASSI DI ROTAZIONE 1303",$S$6:$S$85) -> 316.954 | E27: =SUMIF($H$6:$H$85,"ASSI DI ROTAZIONE 1303",$X$6:$X$85) -> 390.382 | H27: PILASTRO CUSCINETTO | I27: 4 | J27: TTS.PF.003.IPE140 | K27: Piastra giunzione montanti esterna 240x70x6 (12 fori Ø11) | L27: PEZZI SPECIALI | M27: Lamiera 6mm | O27: =IF(TIPO_IMPIANTO="Basso",0,N_CUSC*2) -> 8 | P27: =VLOOKUP(J27,PEZZI,7,0) -> 0.805855 | Q27: =O27*P27 -> 6.44684 | R27: =VLOOKUP(J27,PEZZI,10,0) -> 1.1498175 | S27: =O27*R27 -> 9.19854 | T27: =O27*VLOOKUP(J27,PEZZI,8,0) -> 5.97512 | U27: =O27*VLOOKUP(J27,PEZZI,9,0) -> 3.22342 | V27: =O27*VLOOKUP(J27,PEZZI,12,0) -> 1.88688 | X27: =SUM(T27:W27) -> 11.08542
A28: KIT OMEGA + PANNELLI | C28: =SUMIF($H$6:$H$85,"KIT OMEGA + PANNELLI",$Q$6:$Q$85) -> 211.1392 | D28: =SUMIF($H$6:$H$85,"KIT OMEGA + PANNELLI",$S$6:$S$85) -> 253.56396 | E28: =SUMIF($H$6:$H$85,"KIT OMEGA + PANNELLI",$X$6:$X$85) -> 311.54556 | H28: PILASTRO CUSCINETTO | I28: 5 | J28: TTS.PF.004.IPE140 | K28: Piastra giunzione montanti interna 240x25x6 (6 fori Ø11) | L28: PEZZI SPECIALI | M28: Lamiera 6mm | O28: =IF(TIPO_IMPIANTO="Basso",0,N_CUSC*4) -> 16 | P28: =VLOOKUP(J28,PEZZI,7,0) -> 0.28782 | Q28: =O28*P28 -> 4.60512 | R28: =VLOOKUP(J28,PEZZI,10,0) -> 0.41067 | S28: =O28*R28 -> 6.57072 | T28: =O28*VLOOKUP(J28,PEZZI,8,0) -> 4.26816 | U28: =O28*VLOOKUP(J28,PEZZI,9,0) -> 2.30256 | V28: =O28*VLOOKUP(J28,PEZZI,12,0) -> 1.34784 | X28: =SUM(T28:W28) -> 7.91856
A29: KIT INCLINOMETRO | C29: =SUMIF($H$6:$H$85,"KIT INCLINOMETRO",$Q$6:$Q$85) -> 5.64077 | D29: =SUMIF($H$6:$H$85,"KIT INCLINOMETRO",$S$6:$S$85) -> 176.39525 | E29: =SUMIF($H$6:$H$85,"KIT INCLINOMETRO",$X$6:$X$85) -> 177.53249 | H29: PILASTRO CUSCINETTO | I29: 6 | J29: TTS.PC.002.IPE140 | K29: Supporto laterale testa cuscinetto | L29: STRUTTURA | M29: Tubo quadro80x80x 6 | O29: =N_CUSC*2 -> 8 | P29: =VLOOKUP(J29,PEZZI_STRUTT,7,0) -> 2.20662 | Q29: =O29*P29 -> 17.65296 | R29: =VLOOKUP(J29,PEZZI_STRUTT,10,0) -> 3.14847 | S29: =O29*R29 -> 25.18776 | T29: =O29*VLOOKUP(J29,PEZZI_STRUTT,8,0) -> 16.36128 | U29: =O29*VLOOKUP(J29,PEZZI_STRUTT,9,0) -> 8.82648 | V29: =O29*VLOOKUP(J29,PEZZI_STRUTT,12,0) -> 5.16672 | X29: =SUM(T29:W29) -> 30.35448
A30: QUADRO AREA A | C30: =SUMIF($H$6:$H$85,"QUADRO AREA A",$Q$6:$Q$85) -> 15 | D30: =SUMIF($H$6:$H$85,"QUADRO AREA A",$S$6:$S$85) -> 1000 | E30: =SUMIF($H$6:$H$85,"QUADRO AREA A",$X$6:$X$85) -> 1000 | H30: PILASTRO CUSCINETTO | I30: 7 | J30: TTS.PC.003.IPE140 | K30: Supporto testa cuscinetto | L30: STRUTTURA | M30: Lamiera 6mm | O30: =N_CUSC*1 -> 4 | P30: =VLOOKUP(J30,PEZZI_STRUTT,7,0) -> 2.79374 | Q30: =O30*P30 -> 11.17496 | R30: =VLOOKUP(J30,PEZZI_STRUTT,10,0) -> 3.98619 | S30: =O30*R30 -> 15.94476 | T30: =O30*VLOOKUP(J30,PEZZI_STRUTT,8,0) -> 10.35728 | U30: =O30*VLOOKUP(J30,PEZZI_STRUTT,9,0) -> 5.58748 | V30: =O30*VLOOKUP(J30,PEZZI_STRUTT,12,0) -> 3.27072 | X30: =SUM(T30:W30) -> 19.21548
H31: PILASTRO CUSCINETTO | I31: 8 | J31: 10BZ10X30 | K31: Bullone testa esagonale M10X30 | L31: BULLONERIA | O31: =N_CUSC*4 -> 16 | P31: =VLOOKUP(J31,BULLONI,3,0) -> 0.0245 | Q31: =O31*P31 -> 0.392 | R31: =VLOOKUP(J31,BULLONI,4,0) -> 0.0634 | S31: =O31*R31 -> 1.0144 | W31: =S31 -> 1.0144 | X31: =SUM(T31:W31) -> 1.0144
A32: Per categoria componente | C32: Peso (kg) | D32: Costo (€) | E32: Prezzo finale (€) | H32: PILASTRO CUSCINETTO | I32: 9 | J32: 10BZ16X140 | K32: Bullone testa esagonale M16x140 mezzo filetto | L32: BULLONERIA | O32: =N_CUSC*2 -> 8 | P32: =VLOOKUP(J32,BULLONI,3,0) -> 0.21 | Q32: =O32*P32 -> 1.68 | R32: =VLOOKUP(J32,BULLONI,4,0) -> 0.5589 | S32: =O32*R32 -> 4.4712 | W32: =S32 -> 4.4712 | X32: =SUM(T32:W32) -> 4.4712
A33: STRUTTURA | C33: =SUMIF($L$6:$L$85,"STRUTTURA",$Q$6:$Q$85) -> 839.12281 | D33: =SUMIF($L$6:$L$85,"STRUTTURA",$S$6:$S$85) -> 1083.5137 | E33: =SUMIF($L$6:$L$85,"STRUTTURA",$X$6:$X$85) -> 1260.9471 | H33: PILASTRO CUSCINETTO | I33: 10 | J33: 10BZM10X40 | K33: Bullone testa esagonale M10X40 | L33: BULLONERIA | O33: =IF(TIPO_IMPIANTO="Basso",0,N_CUSC*32) -> 128 | P33: =VLOOKUP(J33,BULLONI,3,0) -> 0.0305 | Q33: =O33*P33 -> 3.904 | R33: =VLOOKUP(J33,BULLONI,4,0) -> 0.0708 | S33: =O33*R33 -> 9.0624 | W33: =S33 -> 9.0624 | X33: =SUM(T33:W33) -> 9.0624
A34: PEZZI SPECIALI | C34: =SUMIF($L$6:$L$85,"PEZZI SPECIALI",$Q$6:$Q$85) -> 24.09652 | D34: =SUMIF($L$6:$L$85,"PEZZI SPECIALI",$S$6:$S$85) -> 34.38162 | E34: =SUMIF($L$6:$L$85,"PEZZI SPECIALI",$X$6:$X$85) -> 41.43426 | H34: PILASTRO CUSCINETTO | I34: 11 | J34: 10ROND10 | K34: Rondella zn da 10 | L34: BULLONERIA | O34: =IF(TIPO_IMPIANTO="Basso",N_CUSC*8,N_CUSC*72) -> 288 | P34: =VLOOKUP(J34,BULLONI,3,0) -> 0.0039 | Q34: =O34*P34 -> 1.1232 | R34: =VLOOKUP(J34,BULLONI,4,0) -> 0.0092 | S34: =O34*R34 -> 2.6496 | W34: =S34 -> 2.6496 | X34: =SUM(T34:W34) -> 2.6496
A35: BULLONERIA | C35: =SUMIF($L$6:$L$85,"BULLONERIA",$Q$6:$Q$85) -> 25.6666 | D35: =SUMIF($L$6:$L$85,"BULLONERIA",$S$6:$S$85) -> 73.147 | E35: =SUMIF($L$6:$L$85,"BULLONERIA",$X$6:$X$85) -> 73.147 | H35: PILASTRO CUSCINETTO | I35: 12 | J35: 10ROND16 | K35: Rondella zn da 16 | L35: BULLONERIA | O35: =N_CUSC*4 -> 16 | P35: =VLOOKUP(J35,BULLONI,3,0) -> 0.0135 | Q35: =O35*P35 -> 0.216 | R35: =VLOOKUP(J35,BULLONI,4,0) -> 0.0309 | S35: =O35*R35 -> 0.4944 | W35: =S35 -> 0.4944 | X35: =SUM(T35:W35) -> 0.4944
A36: ELETTROMECCANICA | C36: =SUMIF($L$6:$L$85,"ELETTROMECCANICA",$Q$6:$Q$85) -> 84.3 | D36: =SUMIF($L$6:$L$85,"ELETTROMECCANICA",$S$6:$S$85) -> 1713 | E36: =SUMIF($L$6:$L$85,"ELETTROMECCANICA",$X$6:$X$85) -> 1713 | H36: PILASTRO CUSCINETTO | I36: 13 | J36: 10DAZAM10 | K36: Dado autobloccante M10 | L36: BULLONERIA | O36: =IF(TIPO_IMPIANTO="Basso",N_CUSC*4,N_CUSC*36) -> 144 | P36: =VLOOKUP(J36,BULLONI,3,0) -> 0.009 | Q36: =O36*P36 -> 1.296 | R36: =VLOOKUP(J36,BULLONI,4,0) -> 0.0265 | S36: =O36*R36 -> 3.816 | W36: =S36 -> 3.816 | X36: =SUM(T36:W36) -> 3.816
H37: PILASTRO CUSCINETTO | I37: 14 | J37: 10DAZAM16 | K37: Dado autobloccante M16 | L37: BULLONERIA | O37: =N_CUSC*2 -> 8 | P37: =VLOOKUP(J37,BULLONI,3,0) -> 0.036 | Q37: =O37*P37 -> 0.288 | R37: =VLOOKUP(J37,BULLONI,4,0) -> 0.0882 | S37: =O37*R37 -> 0.7056 | W37: =S37 -> 0.7056 | X37: =SUM(T37:W37) -> 0.7056
A38: TOTALE TRACKER 18 MODULI | C38: =SUM(C33:C36) -> 973.18593 | D38: =SUM(D33:D36) -> 2904.0424 | E38: =SUM(E33:E36) -> 3088.5283 | H38: PILASTRO CUSCINETTO | I38: 15 | J38: 15T-CUSCINETTO | K38: Cuscinetto asse di rotazione | L38: ELETTROMECCANICA | O38: =N_CUSC*1 -> 4 | P38: =VLOOKUP(J38,ELETTROMECC,3,0) -> 3 | Q38: =O38*P38 -> 12 | R38: =VLOOKUP(J38,ELETTROMECC,6,0) -> 14 | S38: =O38*R38 -> 56 | W38: =S38 -> 56 | X38: =SUM(T38:W38) -> 56
A39: verifica (somma blocchi): | C39: =SUM(C25:C31) -> 973.18593 | D39: =SUM(D25:D31) -> 2904.0424 | E39: =SUM(E25:E31) -> 3088.5283 | K39: ▸ PILASTRO CUSCINETTO – TOTALE | Q39: =SUM(Q24:Q38) -> 346.21288 | S39: =SUM(S24:S38) -> 542.38068 | T39: =SUM(T24:T38) -> 301.51024 | U39: =SUM(U24:U38) -> 162.65684 | V39: =SUM(V24:V38) -> 40.51776 | W39: =SUM(W24:W38) -> 78.2136 | X39: =SUM(X24:X38) -> 582.89844
A40: di cui BULLONERIA: | C40: =SUMIF($L$6:$L$85,"BULLONERIA",$Q$6:$Q$85) -> 25.6666 | E40: =SUMIF($L$6:$L$85,"BULLONERIA",$X$6:$X$85) -> 73.147 | H40: ASSI DI ROTAZIONE 1303 | I40: 1 | J40: =IF(SPES_ASSE="2,5 mm","TTS.AR.001.7200.25","TTS.AR.001.7200") -> TTS.AR.001.7200.25 | K40: ="Asse lato motore 120x120x"&IF(SPES_ASSE="2,5 mm","2,5","3")&" mm lungh. mt."&TEXT(L_ASSE,"0.00") -> Asse lato motore 120x120x2,5 mm lungh. mt.007 | L40: STRUTTURA | M40: =IF(SPES_ASSE="2,5 mm","ASSE 120x120x2,5","ASSE 120x120x3") -> ASSE 120x120x2,5 | N40: =L_ASSE -> 7.2 | O40: 2 | P40: =N40*VLOOKUP(M40,PROFILI,4,0) -> 67.896 | Q40: =O40*P40 -> 135.792 | R40: =P40/(1+VLOOKUP(M40,PROFILI,3,0))*VLOOKUP(M40,PROFILI,5,0)+IF(VLOOKUP(M40,PROFILI,6,0)=0,0,P40*VLOOKUP(M40,PROFILI,6,0)) -> 82.8 | S40: =O40*R40 -> 165.6 | T40: =O40*N40*VLOOKUP(M40,PROFILI,8,0) -> 165.6 | U40: =O40*N40*VLOOKUP(M40,PROFILI,9,0) -> 0 | V40: =O40*N40*VLOOKUP(M40,PROFILI,12,0) -> 39.744 | X40: =SUM(T40:W40) -> 205.344
H41: ASSI DI ROTAZIONE 1303 | I41: 2 | J41: =IF(SPES_ASSE="2,5 mm","TTS.AR.002.5000.25","TTS.AR.002.5000") -> TTS.AR.002.5000.25 | K41: ="Asse esterno 120x120x"&IF(SPES_ASSE="2,5 mm","2,5","3")&" mm lungh. mt."&TEXT(L_ASSE_EXT,"0.00") -> Asse esterno 120x120x2,5 mm lungh. mt.005 | L41: STRUTTURA | M41: =IF(SPES_ASSE="2,5 mm","ASSE 120x120x2,5","ASSE 120x120x3") -> ASSE 120x120x2,5 | N41: =L_ASSE_EXT -> 5 | O41: 2 | P41: =N41*VLOOKUP(M41,PROFILI,4,0) -> 47.15 | Q41: =O41*P41 -> 94.3 | R41: =P41/(1+VLOOKUP(M41,PROFILI,3,0))*VLOOKUP(M41,PROFILI,5,0)+IF(VLOOKUP(M41,PROFILI,6,0)=0,0,P41*VLOOKUP(M41,PROFILI,6,0)) -> 57.5 | S41: =O41*R41 -> 115 | T41: =O41*N41*VLOOKUP(M41,PROFILI,8,0) -> 115 | U41: =O41*N41*VLOOKUP(M41,PROFILI,9,0) -> 0 | V41: =O41*N41*VLOOKUP(M41,PROFILI,12,0) -> 27.6 | X41: =SUM(T41:W41) -> 142.6
A42: Note: | H42: ASSI DI ROTAZIONE 1303 | I42: 3 | J42: TTS.AR.2011 | K42: Gaffa giunzione asse | L42: STRUTTURA | M42: GAFFA GIUNZIONE ASSE | N42: 1 | O42: 4 | P42: =N42*VLOOKUP(M42,PROFILI,4,0) -> 5.19675 | Q42: =O42*P42 -> 20.787 | R42: =P42/(1+VLOOKUP(M42,PROFILI,3,0))*VLOOKUP(M42,PROFILI,5,0)+IF(VLOOKUP(M42,PROFILI,6,0)=0,0,P42*VLOOKUP(M42,PROFILI,6,0)) -> 8.4669 | S42: =O42*R42 -> 33.8676 | T42: =O42*N42*VLOOKUP(M42,PROFILI,8,0) -> 17.238 | U42: =O42*N42*VLOOKUP(M42,PROFILI,9,0) -> 16.6296 | V42: =O42*N42*VLOOKUP(M42,PROFILI,12,0) -> 6.084 | X42: =SUM(T42:W42) -> 39.9516
A43: - Quantita' riferite al tracker 18 moduli (distinta materiali rev.3 + DISTINTA COMPLETA, col. 'Q.ta 18 mod'). | H43: ASSI DI ROTAZIONE 1303 | I43: 4 | J43: 10BZM8X150 | K43: Bullone testa esagonale zn M8X150 | L43: BULLONERIA | O43: 4 | P43: =VLOOKUP(J43,BULLONI,3,0) -> 0.049 | Q43: =O43*P43 -> 0.196 | R43: =VLOOKUP(J43,BULLONI,4,0) -> 0.1659 | S43: =O43*R43 -> 0.6636 | W43: =S43 -> 0.6636 | X43: =SUM(T43:W43) -> 0.6636
A44: - Il configuratore cambia profilo (IPE/IPEA), spessore asse (3,0/2,5), tipo omega (2,0/1,8), tipo impianto e lunghezze: peso e prezzo si ricalcolano, le quantita' restano quelle dei 18 moduli. | H44: ASSI DI ROTAZIONE 1303 | I44: 5 | J44: 10ROND8 | K44: Rondella zn 8 | L44: BULLONERIA | O44: 8 | P44: =VLOOKUP(J44,BULLONI,3,0) -> 0.0021 | Q44: =O44*P44 -> 0.0168 | R44: =VLOOKUP(J44,BULLONI,4,0) -> 0.0049 | S44: =O44*R44 -> 0.0392 | W44: =S44 -> 0.0392 | X44: =SUM(T44:W44) -> 0.0392
A45: - Prezzi bulloneria = 0 finche' non si compila la colonna Costo (EUR/pz) nel foglio DATI-BULLONERIA. | H45: ASSI DI ROTAZIONE 1303 | I45: 6 | J45: 10DAZAM8 | K45: Dado autobloccante M8 | L45: BULLONERIA | O45: 4 | P45: =VLOOKUP(J45,BULLONI,3,0) -> 0.0048 | Q45: =O45*P45 -> 0.0192 | R45: =VLOOKUP(J45,BULLONI,4,0) -> 0.0127 | S45: =O45*R45 -> 0.0508 | W45: =S45 -> 0.0508 | X45: =SUM(T45:W45) -> 0.0508
A46: - Motoriduttore, inclinometro, cuscinetto e quadro sotto motore: peso/prezzo dal foglio DATI-ELETTROMECCANICA (15T-INCLINOMETRO = 170 €/pz, 1,5 kg). | H46: ASSI DI ROTAZIONE 1303 | I46: 7 | J46: 10BZM10X30 | K46: Bullone testa esagonale zn M10X30 | L46: BULLONERIA | O46: 16 | P46: =VLOOKUP(J46,BULLONI,3,0) -> 0.0245 | Q46: =O46*P46 -> 0.392 | R46: =VLOOKUP(J46,BULLONI,4,0) -> 0.0634 | S46: =O46*R46 -> 1.0144 | W46: =S46 -> 1.0144 | X46: =SUM(T46:W46) -> 1.0144
A47: - Esclusi in questa fase: box, sensori meteo, moduli FV, kit fine corsa. | H47: ASSI DI ROTAZIONE 1303 | I47: 8 | J47: 10ROND10 | K47: Rondella zn 10 | L47: BULLONERIA | O47: 32 | P47: =VLOOKUP(J47,BULLONI,3,0) -> 0.0039 | Q47: =O47*P47 -> 0.1248 | R47: =VLOOKUP(J47,BULLONI,4,0) -> 0.0092 | S47: =O47*R47 -> 0.2944 | W47: =S47 -> 0.2944 | X47: =SUM(T47:W47) -> 0.2944
A48: - Quadro Area A: componente di area (non per singolo tracker), quantita' fissa = 1 per tracker; peso/prezzo dal foglio DATI-ELETTROMECCANICA (peso da compilare). | H48: ASSI DI ROTAZIONE 1303 | I48: 9 | J48: 10DAZAM10 | K48: Dado autobloccante M10 | L48: BULLONERIA | O48: 16 | P48: =VLOOKUP(J48,BULLONI,3,0) -> 0.009 | Q48: =O48*P48 -> 0.144 | R48: =VLOOKUP(J48,BULLONI,4,0) -> 0.0265 | S48: =O48*R48 -> 0.424 | W48: =S48 -> 0.424 | X48: =SUM(T48:W48) -> 0.424
K49: ▸ ASSI DI ROTAZIONE 1303 – TOTALE | Q49: =SUM(Q40:Q48) -> 251.7718 | S49: =SUM(S40:S48) -> 316.954 | T49: =SUM(T40:T48) -> 297.838 | U49: =SUM(U40:U48) -> 16.6296 | V49: =SUM(V40:V48) -> 73.428 | W49: =SUM(W40:W48) -> 2.4864 | X49: =SUM(X40:X48) -> 390.382
H50: KIT OMEGA + PANNELLI | I50: 1 | J50: =IF(PROF_OMEGA="OMEGA 1,8","TTS.AR.3014.18","TTS.AR.3014") -> TTS.AR.3014 | K50: ="Omega supporto pannello"&IF(PROF_OMEGA="OMEGA 1,8"," mm1,8","") -> Omega supporto pannello | L50: STRUTTURA | M50: =PROF_OMEGA -> OMEGA 2,0 | N50: 1.5 | O50: =N_OMEGA*1 -> 20 | P50: =N50*VLOOKUP(M50,PROFILI,4,0) -> 5.99625 | Q50: =O50*P50 -> 119.925 | R50: =P50/(1+VLOOKUP(M50,PROFILI,3,0))*VLOOKUP(M50,PROFILI,5,0)+IF(VLOOKUP(M50,PROFILI,6,0)=0,0,P50*VLOOKUP(M50,PROFILI,6,0)) -> 5.5575 | S50: =O50*R50 -> 111.15 | T50: =O50*N50*VLOOKUP(M50,PROFILI,8,0) -> 111.15 | U50: =O50*N50*VLOOKUP(M50,PROFILI,9,0) -> 0 | V50: =O50*N50*VLOOKUP(M50,PROFILI,12,0) -> 35.1 | X50: =SUM(T50:W50) -> 146.25
H51: KIT OMEGA + PANNELLI | I51: 2 | J51: TTS.AR.3011 | K51: Supporto a L superiore omega | L51: STRUTTURA | M51: SUPPORTO L | N51: 0.63 | O51: =N_OMEGA*2 -> 40 | P51: =N51*VLOOKUP(M51,PROFILI,4,0) -> 0.87822 | Q51: =O51*P51 -> 35.1288 | R51: =P51/(1+VLOOKUP(M51,PROFILI,3,0))*VLOOKUP(M51,PROFILI,5,0)+IF(VLOOKUP(M51,PROFILI,6,0)=0,0,P51*VLOOKUP(M51,PROFILI,6,0)) -> 1.011024 | S51: =O51*R51 -> 40.44096 | T51: =O51*N51*VLOOKUP(M51,PROFILI,8,0) -> 40.44096 | U51: =O51*N51*VLOOKUP(M51,PROFILI,9,0) -> 0 | V51: =O51*N51*VLOOKUP(M51,PROFILI,12,0) -> 10.2816 | X51: =SUM(T51:W51) -> 50.72256
H52: KIT OMEGA + PANNELLI | I52: 3 | J52: TTS.AR.3012 | K52: Supporto a V inferiore omega | L52: STRUTTURA | M52: SUPPORTO V | N52: 1 | O52: =N_OMEGA*2 -> 40 | P52: =N52*VLOOKUP(M52,PROFILI,4,0) -> 0.42025 | Q52: =O52*P52 -> 16.81 | R52: =P52/(1+VLOOKUP(M52,PROFILI,3,0))*VLOOKUP(M52,PROFILI,5,0)+IF(VLOOKUP(M52,PROFILI,6,0)=0,0,P52*VLOOKUP(M52,PROFILI,6,0)) -> 0.451 | S52: =O52*R52 -> 18.04 | T52: =O52*N52*VLOOKUP(M52,PROFILI,8,0) -> 18.04 | U52: =O52*N52*VLOOKUP(M52,PROFILI,9,0) -> 0 | V52: =O52*N52*VLOOKUP(M52,PROFILI,12,0) -> 4.92 | X52: =SUM(T52:W52) -> 22.96
H53: KIT OMEGA + PANNELLI | I53: 4 | J53: TTS.AR.3013 | K53: Gaffa sotto omega | L53: STRUTTURA | M53: GAFFA | N53: 1 | O53: =N_OMEGA*1 -> 20 | P53: =N53*VLOOKUP(M53,PROFILI,4,0) -> 1.312 | Q53: =O53*P53 -> 26.24 | R53: =P53/(1+VLOOKUP(M53,PROFILI,3,0))*VLOOKUP(M53,PROFILI,5,0)+IF(VLOOKUP(M53,PROFILI,6,0)=0,0,P53*VLOOKUP(M53,PROFILI,6,0)) -> 2.1376 | S53: =O53*R53 -> 42.752 | T53: =O53*N53*VLOOKUP(M53,PROFILI,8,0) -> 21.76 | U53: =O53*N53*VLOOKUP(M53,PROFILI,9,0) -> 20.992 | V53: =O53*N53*VLOOKUP(M53,PROFILI,12,0) -> 7.68 | X53: =SUM(T53:W53) -> 50.432
H54: KIT OMEGA + PANNELLI | I54: 5 | J54: 10BZM6X150 | K54: Bullone testa esagonale zn M6X150 | L54: BULLONERIA | O54: =N_OMEGA*2 -> 40 | P54: =VLOOKUP(J54,BULLONI,3,0) -> 0.026 | Q54: =O54*P54 -> 1.04 | R54: =VLOOKUP(J54,BULLONI,4,0) -> 0.2214 | S54: =O54*R54 -> 8.856 | W54: =S54 -> 8.856 | X54: =SUM(T54:W54) -> 8.856
H55: KIT OMEGA + PANNELLI | I55: 6 | J55: 10BZM8X25 | K55: Bullone testa esagonale zn M8X25 | L55: BULLONERIA | O55: =N_OMEGA*4+N_PANN*4 -> 152 | P55: =VLOOKUP(J55,BULLONI,3,0) -> 0.0129 | Q55: =O55*P55 -> 1.9608 | R55: =VLOOKUP(J55,BULLONI,4,0) -> 0.0297 | S55: =O55*R55 -> 4.5144 | W55: =S55 -> 4.5144 | X55: =SUM(T55:W55) -> 4.5144
H56: KIT OMEGA + PANNELLI | I56: 7 | J56: 10BZM10X160 | K56: Bullone testa esagonale zn M10X160 | L56: BULLONERIA | O56: =N_OMEGA*4 -> 80 | P56: =VLOOKUP(J56,BULLONI,3,0) -> 0.095 | Q56: =O56*P56 -> 7.6 | R56: =VLOOKUP(J56,BULLONI,4,0) -> 0.2686 | S56: =O56*R56 -> 21.488 | W56: =S56 -> 21.488 | X56: =SUM(T56:W56) -> 21.488
H57: KIT OMEGA + PANNELLI | I57: 8 | J57: 10ROND6 | K57: Rondella zn 6 | L57: BULLONERIA | O57: =N_OMEGA*4 -> 80 | P57: =VLOOKUP(J57,BULLONI,3,0) -> 0.0011 | Q57: =O57*P57 -> 0.088 | R57: =VLOOKUP(J57,BULLONI,4,0) -> 0.0036 | S57: =O57*R57 -> 0.288 | W57: =S57 -> 0.288 | X57: =SUM(T57:W57) -> 0.288
H58: KIT OMEGA + PANNELLI | I58: 9 | J58: 10ROND8 | K58: Rondella zn 8 | L58: BULLONERIA | O58: =N_OMEGA*8+N_PANN*5 -> 250 | P58: =VLOOKUP(J58,BULLONI,3,0) -> 0.0021 | Q58: =O58*P58 -> 0.525 | R58: =VLOOKUP(J58,BULLONI,4,0) -> 0.0049 | S58: =O58*R58 -> 1.225 | W58: =S58 -> 1.225 | X58: =SUM(T58:W58) -> 1.225
H59: KIT OMEGA + PANNELLI | I59: 10 | J59: 10ROND10 | K59: Rondella zn 10 | L59: BULLONERIA | O59: =N_OMEGA*8 -> 160 | P59: =VLOOKUP(J59,BULLONI,3,0) -> 0.0039 | Q59: =O59*P59 -> 0.624 | R59: =VLOOKUP(J59,BULLONI,4,0) -> 0.0092 | S59: =O59*R59 -> 1.472 | W59: =S59 -> 1.472 | X59: =SUM(T59:W59) -> 1.472
H60: KIT OMEGA + PANNELLI | I60: 11 | J60: 10DAZAM6 | K60: Dado autobloccante M6 | L60: BULLONERIA | O60: =N_OMEGA*2 -> 40 | P60: =VLOOKUP(J60,BULLONI,3,0) -> 0.0021 | Q60: =O60*P60 -> 0.084 | R60: =VLOOKUP(J60,BULLONI,4,0) -> 0.0078 | S60: =O60*R60 -> 0.312 | W60: =S60 -> 0.312 | X60: =SUM(T60:W60) -> 0.312
H61: KIT OMEGA + PANNELLI | I61: 12 | J61: 10DAZAM8 | K61: Dado autobloccante M8 | L61: BULLONERIA | O61: =N_OMEGA*8 -> 160 | P61: =VLOOKUP(J61,BULLONI,3,0) -> 0.0048 | Q61: =O61*P61 -> 0.768 | R61: =VLOOKUP(J61,BULLONI,4,0) -> 0.0127 | S61: =O61*R61 -> 2.032 | W61: =S61 -> 2.032 | X61: =SUM(T61:W61) -> 2.032
H62: KIT OMEGA + PANNELLI | I62: 13 | J62: 10DADAZM8 | K62: Dado autobloccante M8 zn | L62: BULLONERIA | O62: =N_PANN*4 -> 72 | P62: =VLOOKUP(J62,BULLONI,3,0) -> 0.0048 | Q62: =O62*P62 -> 0.3456 | R62: =VLOOKUP(J62,BULLONI,4,0) -> 0.0138 | S62: =O62*R62 -> 0.9936 | W62: =S62 -> 0.9936 | X62: =SUM(T62:W62) -> 0.9936
K63: ▸ KIT OMEGA + PANNELLI – TOTALE | Q63: =SUM(Q50:Q62) -> 211.1392 | S63: =SUM(S50:S62) -> 253.56396 | T63: =SUM(T50:T62) -> 191.39096 | U63: =SUM(U50:U62) -> 20.992 | V63: =SUM(V50:V62) -> 57.9816 | W63: =SUM(W50:W62) -> 41.181 | X63: =SUM(X50:X62) -> 311.54556
H64: KIT INCLINOMETRO | I64: 1 | J64: TTS.AR.4011 | K64: Supporto superiore inclinometro | L64: PEZZI SPECIALI | O64: =N_MOT*1 -> 1 | P64: =VLOOKUP(J64,PEZZI,7,0) -> 0.86346 | Q64: =O64*P64 -> 0.86346 | R64: =VLOOKUP(J64,PEZZI,10,0) -> 1.23201 | S64: =O64*R64 -> 1.23201 | T64: =O64*VLOOKUP(J64,PEZZI,8,0) -> 0.80028 | U64: =O64*VLOOKUP(J64,PEZZI,9,0) -> 0.43173 | V64: =O64*VLOOKUP(J64,PEZZI,12,0) -> 0.25272 | X64: =SUM(T64:W64) -> 1.48473
H65: KIT INCLINOMETRO | I65: 2 | J65: TTS.AR.4012 | K65: Supporto inferiore inclinometro | L65: PEZZI SPECIALI | O65: =N_MOT*1 -> 1 | P65: =VLOOKUP(J65,PEZZI,7,0) -> 3.02211 | Q65: =O65*P65 -> 3.02211 | R65: =VLOOKUP(J65,PEZZI,10,0) -> 4.312035 | S65: =O65*R65 -> 4.312035 | T65: =O65*VLOOKUP(J65,PEZZI,8,0) -> 2.80098 | U65: =O65*VLOOKUP(J65,PEZZI,9,0) -> 1.511055 | V65: =O65*VLOOKUP(J65,PEZZI,12,0) -> 0.88452 | X65: =SUM(T65:W65) -> 5.196555
H66: KIT INCLINOMETRO | I66: 3 | J66: 15T-INCLINOMETRO | K66: Inclinometro | L66: ELETTROMECCANICA | O66: =N_MOT*1 -> 1 | P66: =VLOOKUP(J66,ELETTROMECC,3,0) -> 1.5 | Q66: =O66*P66 -> 1.5 | R66: =VLOOKUP(J66,ELETTROMECC,6,0) -> 170 | S66: =O66*R66 -> 170 | W66: =S66 -> 170 | X66: =SUM(T66:W66) -> 170
H67: KIT INCLINOMETRO | I67: 4 | J67: 10BZM8X150 | K67: Bullone testa esagonale zn M8X150 | L67: BULLONERIA | O67: =N_MOT*4 -> 4 | P67: =VLOOKUP(J67,BULLONI,3,0) -> 0.049 | Q67: =O67*P67 -> 0.196 | R67: =VLOOKUP(J67,BULLONI,4,0) -> 0.1659 | S67: =O67*R67 -> 0.6636 | W67: =S67 -> 0.6636 | X67: =SUM(T67:W67) -> 0.6636
H68: KIT INCLINOMETRO | I68: 5 | J68: 10ROND8 | K68: Rondella zn 8 | L68: BULLONERIA | O68: =N_MOT*8 -> 8 | P68: =VLOOKUP(J68,BULLONI,3,0) -> 0.0021 | Q68: =O68*P68 -> 0.0168 | R68: =VLOOKUP(J68,BULLONI,4,0) -> 0.0049 | S68: =O68*R68 -> 0.0392 | W68: =S68 -> 0.0392 | X68: =SUM(T68:W68) -> 0.0392
H69: KIT INCLINOMETRO | I69: 6 | J69: 10DAZAM8 | K69: Dado autobloccante M8 | L69: BULLONERIA | O69: =N_MOT*4 -> 4 | P69: =VLOOKUP(J69,BULLONI,3,0) -> 0.0048 | Q69: =O69*P69 -> 0.0192 | R69: =VLOOKUP(J69,BULLONI,4,0) -> 0.0127 | S69: =O69*R69 -> 0.0508 | W69: =S69 -> 0.0508 | X69: =SUM(T69:W69) -> 0.0508
H70: KIT INCLINOMETRO | I70: 7 | J70: M5X30 8.8 ISO1207 | K70: Bullone testa esagonale con intaglio M5x30 | L70: BULLONERIA | O70: =N_MOT*4 -> 4 | P70: =VLOOKUP(J70,BULLONI,3,0) -> 0.0042 | Q70: =O70*P70 -> 0.0168 | R70: =VLOOKUP(J70,BULLONI,4,0) -> 0.0162 | S70: =O70*R70 -> 0.0648 | W70: =S70 -> 0.0648 | X70: =SUM(T70:W70) -> 0.0648
H71: KIT INCLINOMETRO | I71: 8 | J71: 10ROND5 | K71: Rondella ZN da 5 | L71: BULLONERIA | O71: =N_MOT*4 -> 4 | P71: =VLOOKUP(J71,BULLONI,3,0) -> 0.0005 | Q71: =O71*P71 -> 0.002 | R71: =VLOOKUP(J71,BULLONI,4,0) -> 0.0019 | S71: =O71*R71 -> 0.0076 | W71: =S71 -> 0.0076 | X71: =SUM(T71:W71) -> 0.0076
H72: KIT INCLINOMETRO | I72: 9 | J72: 10DAZAM5 | K72: Dado zincato autobloc. M5 | L72: BULLONERIA | O72: =N_MOT*4 -> 4 | P72: =VLOOKUP(J72,BULLONI,3,0) -> 0.0011 | Q72: =O72*P72 -> 0.0044 | R72: =VLOOKUP(J72,BULLONI,4,0) -> 0.0063 | S72: =O72*R72 -> 0.0252 | W72: =S72 -> 0.0252 | X72: =SUM(T72:W72) -> 0.0252
K73: ▸ KIT INCLINOMETRO – TOTALE | Q73: =SUM(Q64:Q72) -> 5.64077 | S73: =SUM(S64:S72) -> 176.39525 | T73: =SUM(T64:T72) -> 3.60126 | U73: =SUM(U64:U72) -> 1.942785 | V73: =SUM(V64:V72) -> 1.13724 | W73: =SUM(W64:W72) -> 170.8512 | X73: =SUM(X64:X72) -> 177.53249
A74: 4 · VOCI DEL PREZZO FINALE (materiale + zincatura + lavorazione + commerciale)
A75: Per categoria componente | C75: Materiale (€) | D75: Zincatura (€) | E75: Lavorazione (€) | F75: Commerciale (€) | G75: Prezzo finale (€) | H75: QUADRO AREA A | I75: 1 | J75: 15T-QUADA | K75: Quadro Area A | L75: ELETTROMECCANICA | O75: 1 | P75: =VLOOKUP(J75,ELETTROMECC,3,0) -> 15 | Q75: =O75*P75 -> 15 | R75: =VLOOKUP(J75,ELETTROMECC,6,0) -> 1000 | S75: =O75*R75 -> 1000 | W75: =S75 -> 1000 | X75: =SUM(T75:W75) -> 1000
A76: STRUTTURA | C76: =SUMIF($L$6:$L$85,"STRUTTURA",$T$6:$T$85) -> 850.82214 | D76: =SUMIF($L$6:$L$85,"STRUTTURA",$U$6:$U$85) -> 232.6916 | E76: =SUMIF($L$6:$L$85,"STRUTTURA",$V$6:$V$85) -> 177.43332 | F76: =SUMIF($L$6:$L$85,"STRUTTURA",$W$6:$W$85) -> 0 | G76: =SUMIF($L$6:$L$85,"STRUTTURA",$X$6:$X$85) -> 1260.9471 | K76: ▸ QUADRO AREA A – TOTALE | Q76: =SUM(Q75:Q75) -> 15 | S76: =SUM(S75:S75) -> 1000 | T76: =SUM(T75:T75) -> 0 | U76: =SUM(U75:U75) -> 0 | V76: =SUM(V75:V75) -> 0 | W76: =SUM(W75:W75) -> 1000 | X76: =SUM(X75:X75) -> 1000
A77: PEZZI SPECIALI | C77: =SUMIF($L$6:$L$85,"PEZZI SPECIALI",$T$6:$T$85) -> 22.33336 | D77: =SUMIF($L$6:$L$85,"PEZZI SPECIALI",$U$6:$U$85) -> 12.04826 | E77: =SUMIF($L$6:$L$85,"PEZZI SPECIALI",$V$6:$V$85) -> 7.05264 | F77: =SUMIF($L$6:$L$85,"PEZZI SPECIALI",$W$6:$W$85) -> 0 | G77: =SUMIF($L$6:$L$85,"PEZZI SPECIALI",$X$6:$X$85) -> 41.43426
A78: BULLONERIA | C78: =SUMIF($L$6:$L$85,"BULLONERIA",$T$6:$T$85) -> 0 | D78: =SUMIF($L$6:$L$85,"BULLONERIA",$U$6:$U$85) -> 0 | E78: =SUMIF($L$6:$L$85,"BULLONERIA",$V$6:$V$85) -> 0 | F78: =SUMIF($L$6:$L$85,"BULLONERIA",$W$6:$W$85) -> 73.147 | G78: =SUMIF($L$6:$L$85,"BULLONERIA",$X$6:$X$85) -> 73.147
A79: ELETTROMECCANICA | C79: =SUMIF($L$6:$L$85,"ELETTROMECCANICA",$T$6:$T$85) -> 0 | D79: =SUMIF($L$6:$L$85,"ELETTROMECCANICA",$U$6:$U$85) -> 0 | E79: =SUMIF($L$6:$L$85,"ELETTROMECCANICA",$V$6:$V$85) -> 0 | F79: =SUMIF($L$6:$L$85,"ELETTROMECCANICA",$W$6:$W$85) -> 1713 | G79: =SUMIF($L$6:$L$85,"ELETTROMECCANICA",$X$6:$X$85) -> 1713
A80: TOTALE | C80: =SUM(C76:C79) -> 873.1555 | D80: =SUM(D76:D79) -> 244.73986 | E80: =SUM(E76:E79) -> 184.48596 | F80: =SUM(F76:F79) -> 1786.147 | G80: =SUM(G76:G79) -> 3088.5283
A82: Per blocco di assieme | C82: Materiale (€) | D82: Zincatura (€) | E82: Lavorazione (€) | F82: Commerciale (€) | G82: Prezzo finale (€)
A83: PILASTRO MOTORE | C83: =SUMIF($H$6:$H$85,"PILASTRO MOTORE",$T$6:$T$85) -> 78.81504 | D83: =SUMIF($H$6:$H$85,"PILASTRO MOTORE",$U$6:$U$85) -> 42.51864 | E83: =SUMIF($H$6:$H$85,"PILASTRO MOTORE",$V$6:$V$85) -> 11.42136 | F83: =SUMIF($H$6:$H$85,"PILASTRO MOTORE",$W$6:$W$85) -> 493.4148 | G83: =SUMIF($H$6:$H$85,"PILASTRO MOTORE",$X$6:$X$85) -> 626.16984
A84: PILASTRO CUSCINETTO | C84: =SUMIF($H$6:$H$85,"PILASTRO CUSCINETTO",$T$6:$T$85) -> 301.51024 | D84: =SUMIF($H$6:$H$85,"PILASTRO CUSCINETTO",$U$6:$U$85) -> 162.65684 | E84: =SUMIF($H$6:$H$85,"PILASTRO CUSCINETTO",$V$6:$V$85) -> 40.51776 | F84: =SUMIF($H$6:$H$85,"PILASTRO CUSCINETTO",$W$6:$W$85) -> 78.2136 | G84: =SUMIF($H$6:$H$85,"PILASTRO CUSCINETTO",$X$6:$X$85) -> 582.89844
A85: ASSI DI ROTAZIONE 1303 | C85: =SUMIF($H$6:$H$85,"ASSI DI ROTAZIONE 1303",$T$6:$T$85) -> 297.838 | D85: =SUMIF($H$6:$H$85,"ASSI DI ROTAZIONE 1303",$U$6:$U$85) -> 16.6296 | E85: =SUMIF($H$6:$H$85,"ASSI DI ROTAZIONE 1303",$V$6:$V$85) -> 73.428 | F85: =SUMIF($H$6:$H$85,"ASSI DI ROTAZIONE 1303",$W$6:$W$85) -> 2.4864 | G85: =SUMIF($H$6:$H$85,"ASSI DI ROTAZIONE 1303",$X$6:$X$85) -> 390.382
A86: KIT OMEGA + PANNELLI | C86: =SUMIF($H$6:$H$85,"KIT OMEGA + PANNELLI",$T$6:$T$85) -> 191.39096 | D86: =SUMIF($H$6:$H$85,"KIT OMEGA + PANNELLI",$U$6:$U$85) -> 20.992 | E86: =SUMIF($H$6:$H$85,"KIT OMEGA + PANNELLI",$V$6:$V$85) -> 57.9816 | F86: =SUMIF($H$6:$H$85,"KIT OMEGA + PANNELLI",$W$6:$W$85) -> 41.181 | G86: =SUMIF($H$6:$H$85,"KIT OMEGA + PANNELLI",$X$6:$X$85) -> 311.54556
A87: KIT INCLINOMETRO | C87: =SUMIF($H$6:$H$85,"KIT INCLINOMETRO",$T$6:$T$85) -> 3.60126 | D87: =SUMIF($H$6:$H$85,"KIT INCLINOMETRO",$U$6:$U$85) -> 1.942785 | E87: =SUMIF($H$6:$H$85,"KIT INCLINOMETRO",$V$6:$V$85) -> 1.13724 | F87: =SUMIF($H$6:$H$85,"KIT INCLINOMETRO",$W$6:$W$85) -> 170.8512 | G87: =SUMIF($H$6:$H$85,"KIT INCLINOMETRO",$X$6:$X$85) -> 177.53249
A88: QUADRO AREA A | C88: =SUMIF($H$6:$H$85,"QUADRO AREA A",$T$6:$T$85) -> 0 | D88: =SUMIF($H$6:$H$85,"QUADRO AREA A",$U$6:$U$85) -> 0 | E88: =SUMIF($H$6:$H$85,"QUADRO AREA A",$V$6:$V$85) -> 0 | F88: =SUMIF($H$6:$H$85,"QUADRO AREA A",$W$6:$W$85) -> 1000 | G88: =SUMIF($H$6:$H$85,"QUADRO AREA A",$X$6:$X$85) -> 1000
A89: TOTALE | C89: =SUM(C83:C88) -> 873.1555 | D89: =SUM(D83:D88) -> 244.73986 | E89: =SUM(E83:E88) -> 184.48596 | F89: =SUM(F83:F88) -> 1786.147 | G89: =SUM(G83:G88) -> 3088.5283
A91: verifica (per categoria − per blocco, atteso 0) | C91: =G80-G89 -> 0
A93: Prezzo finale = Materiale + Zincatura + Lavorazione (0,30 €/kg sul peso netto) + Commerciale. Materiale + Zincatura = 'Costo (€)' del riepilogo sopra (STRUTTURA/PEZZI SPECIALI) e Commerciale = quello di BULLONERIA/ELETTROMECCANICA; la Lavorazione è la voce aggiunta.
A95: 5 · INCIDENZA DEI COSTI SUL PRODOTTO
A96: Per voce del prezzo finale | C96: Importo (€) | D96: Incidenza %
A97: Materiale | C97: =C80 -> 873.1555 | D97: =C97/$C$101 -> 0.28270924
A98: Zincatura | C98: =D80 -> 244.73986 | D98: =C98/$C$101 -> 0.07924158
A99: Lavorazione | C99: =E80 -> 184.48596 | D99: =C99/$C$101 -> 0.059732643
A100: Commerciale | C100: =F80 -> 1786.147 | D100: =C100/$C$101 -> 0.57831654
A101: TOTALE | C101: =SUM(C97:C100) -> 3088.5283 | D101: =C101/$C$101 -> 1
A103: Per blocco di assieme | C103: Importo (€) | D103: Incidenza %
A104: PILASTRO MOTORE | C104: =G83 -> 626.16984 | D104: =C104/$C$110 -> 0.20274052
A105: PILASTRO CUSCINETTO | C105: =G84 -> 582.89844 | D105: =C105/$C$110 -> 0.18873016
A106: ASSI DI ROTAZIONE 1303 | C106: =G85 -> 390.382 | D106: =C106/$C$110 -> 0.12639742
...

Sheet TRACKER 20 MODULI
A1: CONFIGURATORE TRACKER 20 MODULI – 1303
A2: Blocchi STRUTTURA - PEZZI SPECIALI - BULLONERIA. Pesi e prezzi da SCHEDA STRUTTURA / PEZZI SPECIALI / BULLONERIA (LISTINO rev.28). Celle gialle = da impostare. Prezzi PEZZI SPECIALI calcolati nel foglio DATI-PEZZI SPECIALI (stesse regole della struttura, riga IPE 140).
A4: 1 · SCELTE DI CONFIGURAZIONE | H4: 2 · DISTINTA CONFIGURATA – 20 MODULI
A5: Parametro | C5: Valore | E5: Opzioni / note | H5: Blocco | I5: Pos. | J5: Codice | K5: Descrizione | L5: Categoria | M5: Profilo / tipo | N5: Lungh. (m) | O5: Q.tà tracker | P5: Peso unit. (kg) | Q5: Peso tot. (kg) | R5: Prezzo unit. (€) | S5: Importo (€) | T5: Materiale (€) | U5: Zincatura (€) | V5: Lavorazione (€) | W5: Commerciale (€) | X5: Prezzo finale (€)
A6: N. moduli tracker | C6: 20 | E6: fisso in questa fase | H6: PILASTRO MOTORE | I6: 1 | J6: ="TTS.PF.001."&IF(PROF_FOND="IPEA 140","IPEA140","IPE140")&"."&TEXT(INT(L_FOND*10+0.05),"00") -> TTS.PF.001.IPE140.30 | K6: ="Pilastro fondazione trave "&PROF_FOND&" mt."&TEXT(L_FOND,"0.00") -> Pilastro fondazione trave IPE 140 mt.003 | L6: STRUTTURA | M6: =PROF_FOND -> IPE 140 | N6: =L_FOND -> 3 | O6: =IF(TIPO_IMPIANTO="Basso",0,N_MOT*1) -> 1 | P6: =N6*VLOOKUP(M6,PROFILI,4,0) -> 39.6675 | Q6: =O6*P6 -> 39.6675 | R6: =P6/(1+VLOOKUP(M6,PROFILI,3,0))*VLOOKUP(M6,PROFILI,5,0)+IF(VLOOKUP(M6,PROFILI,6,0)=0,0,P6*VLOOKUP(M6,PROFILI,6,0)) -> 56.59875 | S6: =O6*R6 -> 56.59875 | T6: =O6*N6*VLOOKUP(M6,PROFILI,8,0) -> 36.765 | U6: =O6*N6*VLOOKUP(M6,PROFILI,9,0) -> 19.83375 | V6: =O6*N6*VLOOKUP(M6,PROFILI,12,0) -> 3.87 | W6: 0 | X6: =SUM(T6:W6) -> 60.46875
A7: N. pilastro motore | C7: 1 | E7: 1 per tracker | H7: PILASTRO MOTORE | I7: 2 | J7: ="TTS.PM.001."&IF(PROF_MOT="IPEA 140","IPEA140","IPE140")&"."&TEXT(INT(L_MOT*10+0.05),"00") -> TTS.PM.001.IPE140.22 | K7: ="Pilastro motore trave "&PROF_MOT&" mt."&TEXT(L_MOT,"0.00") -> Pilastro motore trave IPE 140 mt.002 | L7: STRUTTURA | M7: =PROF_MOT -> IPE 140 | N7: =L_MOT -> 2.22 | O7: =N_MOT*1 -> 1 | P7: =N7*VLOOKUP(M7,PROFILI,4,0) -> 29.35395 | Q7: =O7*P7 -> 29.35395 | R7: =P7/(1+VLOOKUP(M7,PROFILI,3,0))*VLOOKUP(M7,PROFILI,5,0)+IF(VLOOKUP(M7,PROFILI,6,0)=0,0,P7*VLOOKUP(M7,PROFILI,6,0)) -> 41.883075 | S7: =O7*R7 -> 41.883075 | T7: =O7*N7*VLOOKUP(M7,PROFILI,8,0) -> 27.2061 | U7: =O7*N7*VLOOKUP(M7,PROFILI,9,0) -> 14.676975 | V7: =O7*N7*VLOOKUP(M7,PROFILI,12,0) -> 2.8638 | X7: =SUM(T7:W7) -> 44.746875
A8: N. pilastro cuscinetto | C8: 4 | E8: 20 moduli = 1 pilastro motore + 4 pilastri cuscinetto | H8: PILASTRO MOTORE | I8: 3 | J8: TTS.PF.002.IPE140 | K8: Piastra giunzione montanti centrali 200x100x4 (8 fori Ø11) | L8: PEZZI SPECIALI | M8: Lamiera 4mm | O8: =IF(TIPO_IMPIANTO="Basso",0,N_MOT*2) -> 2 | P8: =VLOOKUP(J8,PEZZI,7,0) -> 0.6396 | Q8: =O8*P8 -> 1.2792 | R8: =VLOOKUP(J8,PEZZI,10,0) -> 0.9126 | S8: =O8*R8 -> 1.8252 | T8: =O8*VLOOKUP(J8,PEZZI,8,0) -> 1.1856 | U8: =O8*VLOOKUP(J8,PEZZI,9,0) -> 0.6396 | V8: =O8*VLOOKUP(J8,PEZZI,12,0) -> 0.3744 | X8: =SUM(T8:W8) -> 2.1996
A9: N. kit omega (supporto pannello) | C9: 22 | E9: 20 moduli | H9: PILASTRO MOTORE | I9: 4 | J9: TTS.PF.003.IPE140 | K9: Piastra giunzione montanti esterna 240x70x6 (12 fori Ø11) | L9: PEZZI SPECIALI | M9: Lamiera 6mm | O9: =IF(TIPO_IMPIANTO="Basso",0,N_MOT*2) -> 2 | P9: =VLOOKUP(J9,PEZZI,7,0) -> 0.805855 | Q9: =O9*P9 -> 1.61171 | R9: =VLOOKUP(J9,PEZZI,10,0) -> 1.1498175 | S9: =O9*R9 -> 2.299635 | T9: =O9*VLOOKUP(J9,PEZZI,8,0) -> 1.49378 | U9: =O9*VLOOKUP(J9,PEZZI,9,0) -> 0.805855 | V9: =O9*VLOOKUP(J9,PEZZI,12,0) -> 0.47172 | X9: =SUM(T9:W9) -> 2.771355
A10: N. kit pannello | C10: 20 | E10: 1 per modulo | H10: PILASTRO MOTORE | I10: 5 | J10: TTS.PF.004.IPE140 | K10: Piastra giunzione montanti interna 240x25x6 (6 fori Ø11) | L10: PEZZI SPECIALI | M10: Lamiera 6mm | O10: =IF(TIPO_IMPIANTO="Basso",0,N_MOT*4) -> 4 | P10: =VLOOKUP(J10,PEZZI,7,0) -> 0.28782 | Q10: =O10*P10 -> 1.15128 | R10: =VLOOKUP(J10,PEZZI,10,0) -> 0.41067 | S10: =O10*R10 -> 1.64268 | T10: =O10*VLOOKUP(J10,PEZZI,8,0) -> 1.06704 | U10: =O10*VLOOKUP(J10,PEZZI,9,0) -> 0.57564 | V10: =O10*VLOOKUP(J10,PEZZI,12,0) -> 0.33696 | X10: =SUM(T10:W10) -> 1.97964
A11: Tipo impianto | C11: Agrivoltaico | E11: Agrivoltaico = pilastri in 2 pezzi + piastre di giunzione · Basso = pilastro unico, senza piastre (cuscinetto da 2,80) | H11: PILASTRO MOTORE | I11: 6 | J11: TTS.PM.002.IPE140 | K11: Supporto laterale testa riduttore | L11: STRUTTURA | M11: Lamiera 8mm | O11: =N_MOT*2 -> 2 | P11: =VLOOKUP(J11,PEZZI_STRUTT,7,0) -> 4.68507 | Q11: =O11*P11 -> 9.37014 | R11: =VLOOKUP(J11,PEZZI_STRUTT,10,0) -> 6.684795 | S11: =O11*R11 -> 13.36959 | T11: =O11*VLOOKUP(J11,PEZZI_STRUTT,8,0) -> 8.68452 | U11: =O11*VLOOKUP(J11,PEZZI_STRUTT,9,0) -> 4.68507 | V11: =O11*VLOOKUP(J11,PEZZI_STRUTT,12,0) -> 2.74248 | X11: =SUM(T11:W11) -> 16.11207
A12: Profilo pilastro fondazione | C12: IPE 140 | E12: IPE 140 / IPEA 140 (alleggerita) | H12: PILASTRO MOTORE | I12: 7 | J12: TTS.PM.003.IPE140 | K12: Testa riduttore pilastro motore | L12: STRUTTURA | M12: Lamiera 4mm | O12: =N_MOT*1 -> 1 | P12: =VLOOKUP(J12,PEZZI_STRUTT,7,0) -> 2.6035 | Q12: =O12*P12 -> 2.6035 | R12: =VLOOKUP(J12,PEZZI_STRUTT,10,0) -> 3.71475 | S12: =O12*R12 -> 3.71475 | T12: =O12*VLOOKUP(J12,PEZZI_STRUTT,8,0) -> 2.413 | U12: =O12*VLOOKUP(J12,PEZZI_STRUTT,9,0) -> 1.30175 | V12: =O12*VLOOKUP(J12,PEZZI_STRUTT,12,0) -> 0.762 | X12: =SUM(T12:W12) -> 4.47675
A13: Lunghezza pilastro fondazione | C13: 3 | E13: m - 2,60 ... 3,60 (usato solo con Agrivoltaico) | H13: PILASTRO MOTORE | I13: 8 | J13: 10BZ10X40 | K13: Bullone testa esagonale zn M10X40 | L13: BULLONERIA | O13: =IF(TIPO_IMPIANTO="Basso",0,N_MOT*32) -> 32 | P13: =VLOOKUP(J13,BULLONI,3,0) -> 0.0305 | Q13: =O13*P13 -> 0.976 | R13: =VLOOKUP(J13,BULLONI,4,0) -> 0.0708 | S13: =O13*R13 -> 2.2656 | W13: =S13 -> 2.2656 | X13: =SUM(T13:W13) -> 2.2656
A14: Profilo pilastro motore | C14: IPE 140 | E14: IPE 140 / IPEA 140 | H14: PILASTRO MOTORE | I14: 9 | J14: 10BZM10X40 | K14: Bullone testa esagonale M10X40 | L14: BULLONERIA | O14: =N_MOT*8 -> 8 | P14: =VLOOKUP(J14,BULLONI,3,0) -> 0.0305 | Q14: =O14*P14 -> 0.244 | R14: =VLOOKUP(J14,BULLONI,4,0) -> 0.0708 | S14: =O14*R14 -> 0.5664 | W14: =S14 -> 0.5664 | X14: =SUM(T14:W14) -> 0.5664
A15: Lunghezza pilastro motore | C15: =L_CUSC-0.08 -> 2.22 | E15: m - automatico: = pilastro cuscinetto - 0,08 | H15: PILASTRO MOTORE | I15: 10 | J15: 10BZM16X60 | K15: Bullone testa esagonale M16X60 | L15: BULLONERIA | O15: =N_MOT*4 -> 4 | P15: =VLOOKUP(J15,BULLONI,3,0) -> 0.11 | Q15: =O15*P15 -> 0.44 | R15: =VLOOKUP(J15,BULLONI,4,0) -> 0.2967 | S15: =O15*R15 -> 1.1868 | W15: =S15 -> 1.1868 | X15: =SUM(T15:W15) -> 1.1868
A16: Profilo pilastro cuscinetto | C16: IPE 140 | E16: IPE 140 / IPEA 140 | H16: PILASTRO MOTORE | I16: 11 | J16: 10ROND10 | K16: Rondella zn da 10 | L16: BULLONERIA | O16: =IF(TIPO_IMPIANTO="Basso",N_MOT*16,N_MOT*80) -> 80 | P16: =VLOOKUP(J16,BULLONI,3,0) -> 0.0039 | Q16: =O16*P16 -> 0.312 | R16: =VLOOKUP(J16,BULLONI,4,0) -> 0.0092 | S16: =O16*R16 -> 0.736 | W16: =S16 -> 0.736 | X16: =SUM(T16:W16) -> 0.736
A17: Lunghezza pilastro cuscinetto | C17: 2.3 | E17: m - Agrivoltaico: da 2,30 · Basso: da 2,80 | H17: PILASTRO MOTORE | I17: 12 | J17: 10ROND16 | K17: Rondella zn da 16 | L17: BULLONERIA | O17: =N_MOT*8 -> 8 | P17: =VLOOKUP(J17,BULLONI,3,0) -> 0.0135 | Q17: =O17*P17 -> 0.108 | R17: =VLOOKUP(J17,BULLONI,4,0) -> 0.0309 | S17: =O17*R17 -> 0.2472 | W17: =S17 -> 0.2472 | X17: =SUM(T17:W17) -> 0.2472
A18: Asse di rotazione - spessore | C18: 2,5 mm | E18: 3,0 mm = 120x120x3 / 2,5 mm = 120x120x2,5 | H18: PILASTRO MOTORE | I18: 13 | J18: 10DAZAM10 | K18: Dado autobloccante M10 | L18: BULLONERIA | O18: =IF(TIPO_IMPIANTO="Basso",N_MOT*8,N_MOT*40) -> 40 | P18: =VLOOKUP(J18,BULLONI,3,0) -> 0.009 | Q18: =O18*P18 -> 0.36 | R18: =VLOOKUP(J18,BULLONI,4,0) -> 0.0265 | S18: =O18*R18 -> 1.06 | W18: =S18 -> 1.06 | X18: =SUM(T18:W18) -> 1.06
A19: Asse lato motore - lunghezza | C19: 7.2 | E19: m - asse lato motore, 20 moduli (2 assi) | H19: PILASTRO MOTORE | I19: 14 | J19: 10DAZAM16 | K19: Dado autobloccante M16 | L19: BULLONERIA | O19: =N_MOT*4 -> 4 | P19: =VLOOKUP(J19,BULLONI,3,0) -> 0.036 | Q19: =O19*P19 -> 0.144 | R19: =VLOOKUP(J19,BULLONI,4,0) -> 0.0882 | S19: =O19*R19 -> 0.3528 | W19: =S19 -> 0.3528 | X19: =SUM(T19:W19) -> 0.3528
A20: Omega supporto pannello | C20: OMEGA 2,0 | E20: OMEGA 2,0 / OMEGA 1,8 | H20: PILASTRO MOTORE | I20: 15 | J20: 15T-MOTORIDUTTORE | K20: Motoriduttore | L20: ELETTROMECCANICA | O20: =N_MOT*1 -> 1 | P20: =VLOOKUP(J20,ELETTROMECC,3,0) -> 50 | Q20: =O20*P20 -> 50 | R20: =VLOOKUP(J20,ELETTROMECC,6,0) -> 300 | S20: =O20*R20 -> 300 | W20: =S20 -> 300 | X20: =SUM(T20:W20) -> 300
A21: Maggiorazione zincatura | C21: 0.025 | E21: da SCHEDA STRUTTURA (su peso e su costo zincatura) | H21: PILASTRO MOTORE | I21: 16 | J21: 15T-QDSTMOTORE | K21: Quadro sotto motore | L21: ELETTROMECCANICA | O21: =N_MOT*1 -> 1 | P21: =VLOOKUP(J21,ELETTROMECC,3,0) -> 5 | Q21: =O21*P21 -> 5 | R21: =VLOOKUP(J21,ELETTROMECC,6,0) -> 160 | S21: =O21*R21 -> 160 | W21: =S21 -> 160 | X21: =SUM(T21:W21) -> 160
A22: Asse esterno - lunghezza | C22: 6.3 | E22: m - asse esterno 120x120, 20 moduli (2 assi) | H22: PILASTRO MOTORE | I22: 17 | J22: 10S-FC | K22: Finecorsa elettrico | L22: ELETTROMECCANICA | O22: =N_MOT*1 -> 1 | P22: =VLOOKUP(J22,ELETTROMECC,3,0) -> 0.8 | Q22: =O22*P22 -> 0.8 | R22: =VLOOKUP(J22,ELETTROMECC,6,0) -> 27 | S22: =O22*R22 -> 27 | W22: =S22 -> 27 | X22: =SUM(T22:W22) -> 27
A23: 3 · RIEPILOGO PESI E COSTI – TRACKER 20 MODULI | K23: ▸ PILASTRO MOTORE – TOTALE | Q23: =SUM(Q6:Q22) -> 143.42128 | S23: =SUM(S6:S22) -> 614.74848 | T23: =SUM(T6:T22) -> 78.81504 | U23: =SUM(U6:U22) -> 42.51864 | V23: =SUM(V6:V22) -> 11.42136 | W23: =SUM(W6:W22) -> 493.4148 | X23: =SUM(X6:X22) -> 626.16984
A24: Per blocco di assieme | C24: Peso (kg) | D24: Costo (€) | E24: Prezzo finale (€) | H24: PILASTRO CUSCINETTO | I24: 1 | J24: ="TTS.PF.001."&IF(PROF_FOND="IPEA 140","IPEA140","IPE140")&"."&TEXT(INT(L_FOND*10+0.05),"00") -> TTS.PF.001.IPE140.30 | K24: ="Pilastro fondazione trave "&PROF_FOND&" mt."&TEXT(L_FOND,"0.00") -> Pilastro fondazione trave IPE 140 mt.003 | L24: STRUTTURA | M24: =PROF_FOND -> IPE 140 | N24: =L_FOND -> 3 | O24: =IF(TIPO_IMPIANTO="Basso",0,N_CUSC*1) -> 4 | P24: =N24*VLOOKUP(M24,PROFILI,4,0) -> 39.6675 | Q24: =O24*P24 -> 158.67 | R24: =P24/(1+VLOOKUP(M24,PROFILI,3,0))*VLOOKUP(M24,PROFILI,5,0)+IF(VLOOKUP(M24,PROFILI,6,0)=0,0,P24*VLOOKUP(M24,PROFILI,6,0)) -> 56.59875 | S24: =O24*R24 -> 226.395 | T24: =O24*N24*VLOOKUP(M24,PROFILI,8,0) -> 147.06 | U24: =O24*N24*VLOOKUP(M24,PROFILI,9,0) -> 79.335 | V24: =O24*N24*VLOOKUP(M24,PROFILI,12,0) -> 15.48 | X24: =SUM(T24:W24) -> 241.875
A25: PILASTRO MOTORE | C25: =SUMIF($H$6:$H$85,"PILASTRO MOTORE",$Q$6:$Q$85) -> 143.42128 | D25: =SUMIF($H$6:$H$85,"PILASTRO MOTORE",$S$6:$S$85) -> 614.74848 | E25: =SUMIF($H$6:$H$85,"PILASTRO MOTORE",$X$6:$X$85) -> 626.16984 | H25: PILASTRO CUSCINETTO | I25: 2 | J25: ="TTS.PC.001."&IF(PROF_CUSC="IPEA 140","IPEA140","IPE140")&"."&TEXT(INT(L_CUSC*10+0.05),"00") -> TTS.PC.001.IPE140.23 | K25: ="Pilastro cuscinetto trave "&PROF_CUSC&" mt."&TEXT(L_CUSC,"0.00") -> Pilastro cuscinetto trave IPE 140 mt.002 | L25: STRUTTURA | M25: =PROF_CUSC -> IPE 140 | N25: =L_CUSC -> 2.3 | O25: =N_CUSC*1 -> 4 | P25: =N25*VLOOKUP(M25,PROFILI,4,0) -> 30.41175 | Q25: =O25*P25 -> 121.647 | R25: =P25/(1+VLOOKUP(M25,PROFILI,3,0))*VLOOKUP(M25,PROFILI,5,0)+IF(VLOOKUP(M25,PROFILI,6,0)=0,0,P25*VLOOKUP(M25,PROFILI,6,0)) -> 43.392375 | S25: =O25*R25 -> 173.5695 | T25: =O25*N25*VLOOKUP(M25,PROFILI,8,0) -> 112.746 | U25: =O25*N25*VLOOKUP(M25,PROFILI,9,0) -> 60.8235 | V25: =O25*N25*VLOOKUP(M25,PROFILI,12,0) -> 11.868 | X25: =SUM(T25:W25) -> 185.4375
A26: PILASTRO CUSCINETTO | C26: =SUMIF($H$6:$H$85,"PILASTRO CUSCINETTO",$Q$6:$Q$85) -> 346.21288 | D26: =SUMIF($H$6:$H$85,"PILASTRO CUSCINETTO",$S$6:$S$85) -> 542.38068 | E26: =SUMIF($H$6:$H$85,"PILASTRO CUSCINETTO",$X$6:$X$85) -> 582.89844 | H26: PILASTRO CUSCINETTO | I26: 3 | J26: TTS.PF.002.IPE140 | K26: Piastra giunzione montanti centrali 200x100x4 (8 fori Ø11) | L26: PEZZI SPECIALI | M26: Lamiera 4mm | O26: =IF(TIPO_IMPIANTO="Basso",0,N_CUSC*2) -> 8 | P26: =VLOOKUP(J26,PEZZI,7,0) -> 0.6396 | Q26: =O26*P26 -> 5.1168 | R26: =VLOOKUP(J26,PEZZI,10,0) -> 0.9126 | S26: =O26*R26 -> 7.3008 | T26: =O26*VLOOKUP(J26,PEZZI,8,0) -> 4.7424 | U26: =O26*VLOOKUP(J26,PEZZI,9,0) -> 2.5584 | V26: =O26*VLOOKUP(J26,PEZZI,12,0) -> 1.4976 | X26: =SUM(T26:W26) -> 8.7984
A27: ASSI DI ROTAZIONE 1303 | C27: =SUMIF($H$6:$H$85,"ASSI DI ROTAZIONE 1303",$Q$6:$Q$85) -> 276.2898 | D27: =SUMIF($H$6:$H$85,"ASSI DI ROTAZIONE 1303",$S$6:$S$85) -> 346.854 | E27: =SUMIF($H$6:$H$85,"ASSI DI ROTAZIONE 1303",$X$6:$X$85) -> 427.458 | H27: PILASTRO CUSCINETTO | I27: 4 | J27: TTS.PF.003.IPE140 | K27: Piastra giunzione montanti esterna 240x70x6 (12 fori Ø11) | L27: PEZZI SPECIALI | M27: Lamiera 6mm | O27: =IF(TIPO_IMPIANTO="Basso",0,N_CUSC*2) -> 8 | P27: =VLOOKUP(J27,PEZZI,7,0) -> 0.805855 | Q27: =O27*P27 -> 6.44684 | R27: =VLOOKUP(J27,PEZZI,10,0) -> 1.1498175 | S27: =O27*R27 -> 9.19854 | T27: =O27*VLOOKUP(J27,PEZZI,8,0) -> 5.97512 | U27: =O27*VLOOKUP(J27,PEZZI,9,0) -> 3.22342 | V27: =O27*VLOOKUP(J27,PEZZI,12,0) -> 1.88688 | X27: =SUM(T27:W27) -> 11.08542
A28: KIT OMEGA + PANNELLI | C28: =SUMIF($H$6:$H$85,"KIT OMEGA + PANNELLI",$Q$6:$Q$85) -> 232.26938 | D28: =SUMIF($H$6:$H$85,"KIT OMEGA + PANNELLI",$S$6:$S$85) -> 278.96006 | E28: =SUMIF($H$6:$H$85,"KIT OMEGA + PANNELLI",$X$6:$X$85) -> 342.73982 | H28: PILASTRO CUSCINETTO | I28: 5 | J28: TTS.PF.004.IPE140 | K28: Piastra giunzione montanti interna 240x25x6 (6 fori Ø11) | L28: PEZZI SPECIALI | M28: Lamiera 6mm | O28: =IF(TIPO_IMPIANTO="Basso",0,N_CUSC*4) -> 16 | P28: =VLOOKUP(J28,PEZZI,7,0) -> 0.28782 | Q28: =O28*P28 -> 4.60512 | R28: =VLOOKUP(J28,PEZZI,10,0) -> 0.41067 | S28: =O28*R28 -> 6.57072 | T28: =O28*VLOOKUP(J28,PEZZI,8,0) -> 4.26816 | U28: =O28*VLOOKUP(J28,PEZZI,9,0) -> 2.30256 | V28: =O28*VLOOKUP(J28,PEZZI,12,0) -> 1.34784 | X28: =SUM(T28:W28) -> 7.91856
A29: KIT INCLINOMETRO | C29: =SUMIF($H$6:$H$85,"KIT INCLINOMETRO",$Q$6:$Q$85) -> 5.64077 | D29: =SUMIF($H$6:$H$85,"KIT INCLINOMETRO",$S$6:$S$85) -> 176.39525 | E29: =SUMIF($H$6:$H$85,"KIT INCLINOMETRO",$X$6:$X$85) -> 177.53249 | H29: PILASTRO CUSCINETTO | I29: 6 | J29: TTS.PC.002.IPE140 | K29: Supporto laterale testa cuscinetto | L29: STRUTTURA | M29: Tubo quadro80x80x 6 | O29: =N_CUSC*2 -> 8 | P29: =VLOOKUP(J29,PEZZI_STRUTT,7,0) -> 2.20662 | Q29: =O29*P29 -> 17.65296 | R29: =VLOOKUP(J29,PEZZI_STRUTT,10,0) -> 3.14847 | S29: =O29*R29 -> 25.18776 | T29: =O29*VLOOKUP(J29,PEZZI_STRUTT,8,0) -> 16.36128 | U29: =O29*VLOOKUP(J29,PEZZI_STRUTT,9,0) -> 8.82648 | V29: =O29*VLOOKUP(J29,PEZZI_STRUTT,12,0) -> 5.16672 | X29: =SUM(T29:W29) -> 30.35448
A30: QUADRO AREA A | C30: =SUMIF($H$6:$H$85,"QUADRO AREA A",$Q$6:$Q$85) -> 15 | D30: =SUMIF($H$6:$H$85,"QUADRO AREA A",$S$6:$S$85) -> 1000 | E30: =SUMIF($H$6:$H$85,"QUADRO AREA A",$X$6:$X$85) -> 1000 | H30: PILASTRO CUSCINETTO | I30: 7 | J30: TTS.PC.003.IPE140 | K30: Supporto testa cuscinetto | L30: STRUTTURA | M30: Lamiera 6mm | O30: =N_CUSC*1 -> 4 | P30: =VLOOKUP(J30,PEZZI_STRUTT,7,0) -> 2.79374 | Q30: =O30*P30 -> 11.17496 | R30: =VLOOKUP(J30,PEZZI_STRUTT,10,0) -> 3.98619 | S30: =O30*R30 -> 15.94476 | T30: =O30*VLOOKUP(J30,PEZZI_STRUTT,8,0) -> 10.35728 | U30: =O30*VLOOKUP(J30,PEZZI_STRUTT,9,0) -> 5.58748 | V30: =O30*VLOOKUP(J30,PEZZI_STRUTT,12,0) -> 3.27072 | X30: =SUM(T30:W30) -> 19.21548
H31: PILASTRO CUSCINETTO | I31: 8 | J31: 10BZ10X30 | K31: Bullone testa esagonale M10X30 | L31: BULLONERIA | O31: =N_CUSC*4 -> 16 | P31: =VLOOKUP(J31,BULLONI,3,0) -> 0.0245 | Q31: =O31*P31 -> 0.392 | R31: =VLOOKUP(J31,BULLONI,4,0) -> 0.0634 | S31: =O31*R31 -> 1.0144 | W31: =S31 -> 1.0144 | X31: =SUM(T31:W31) -> 1.0144
A32: Per categoria componente | C32: Peso (kg) | D32: Costo (€) | E32: Prezzo finale (€) | H32: PILASTRO CUSCINETTO | I32: 9 | J32: 10BZ16X140 | K32: Bullone testa esagonale M16x140 mezzo filetto | L32: BULLONERIA | O32: =N_CUSC*2 -> 8 | P32: =VLOOKUP(J32,BULLONI,3,0) -> 0.21 | Q32: =O32*P32 -> 1.68 | R32: =VLOOKUP(J32,BULLONI,4,0) -> 0.5589 | S32: =O32*R32 -> 4.4712 | W32: =S32 -> 4.4712 | X32: =SUM(T32:W32) -> 4.4712
A33: STRUTTURA | C33: =SUMIF($L$6:$L$85,"STRUTTURA",$Q$6:$Q$85) -> 883.45119 | D33: =SUMIF($L$6:$L$85,"STRUTTURA",$S$6:$S$85) -> 1134.652 | E33: =SUMIF($L$6:$L$85,"STRUTTURA",$X$6:$X$85) -> 1325.0595 | H33: PILASTRO CUSCINETTO | I33: 10 | J33: 10BZM10X40 | K33: Bullone testa esagonale M10X40 | L33: BULLONERIA | O33: =IF(TIPO_IMPIANTO="Basso",0,N_CUSC*32) -> 128 | P33: =VLOOKUP(J33,BULLONI,3,0) -> 0.0305 | Q33: =O33*P33 -> 3.904 | R33: =VLOOKUP(J33,BULLONI,4,0) -> 0.0708 | S33: =O33*R33 -> 9.0624 | W33: =S33 -> 9.0624 | X33: =SUM(T33:W33) -> 9.0624
A34: PEZZI SPECIALI | C34: =SUMIF($L$6:$L$85,"PEZZI SPECIALI",$Q$6:$Q$85) -> 24.09652 | D34: =SUMIF($L$6:$L$85,"PEZZI SPECIALI",$S$6:$S$85) -> 34.38162 | E34: =SUMIF($L$6:$L$85,"PEZZI SPECIALI",$X$6:$X$85) -> 41.43426 | H34: PILASTRO CUSCINETTO | I34: 11 | J34: 10ROND10 | K34: Rondella zn da 10 | L34: BULLONERIA | O34: =IF(TIPO_IMPIANTO="Basso",N_CUSC*8,N_CUSC*72) -> 288 | P34: =VLOOKUP(J34,BULLONI,3,0) -> 0.0039 | Q34: =O34*P34 -> 1.1232 | R34: =VLOOKUP(J34,BULLONI,4,0) -> 0.0092 | S34: =O34*R34 -> 2.6496 | W34: =S34 -> 2.6496 | X34: =SUM(T34:W34) -> 2.6496
A35: BULLONERIA | C35: =SUMIF($L$6:$L$85,"BULLONERIA",$Q$6:$Q$85) -> 26.9864 | D35: =SUMIF($L$6:$L$85,"BULLONERIA",$S$6:$S$85) -> 77.3048 | E35: =SUMIF($L$6:$L$85,"BULLONERIA",$X$6:$X$85) -> 77.3048 | H35: PILASTRO CUSCINETTO | I35: 12 | J35: 10ROND16 | K35: Rondella zn da 16 | L35: BULLONERIA | O35: =N_CUSC*4 -> 16 | P35: =VLOOKUP(J35,BULLONI,3,0) -> 0.0135 | Q35: =O35*P35 -> 0.216 | R35: =VLOOKUP(J35,BULLONI,4,0) -> 0.0309 | S35: =O35*R35 -> 0.4944 | W35: =S35 -> 0.4944 | X35: =SUM(T35:W35) -> 0.4944
A36: ELETTROMECCANICA | C36: =SUMIF($L$6:$L$85,"ELETTROMECCANICA",$Q$6:$Q$85) -> 84.3 | D36: =SUMIF($L$6:$L$85,"ELETTROMECCANICA",$S$6:$S$85) -> 1713 | E36: =SUMIF($L$6:$L$85,"ELETTROMECCANICA",$X$6:$X$85) -> 1713 | H36: PILASTRO CUSCINETTO | I36: 13 | J36: 10DAZAM10 | K36: Dado autobloccante M10 | L36: BULLONERIA | O36: =IF(TIPO_IMPIANTO="Basso",N_CUSC*4,N_CUSC*36) -> 144 | P36: =VLOOKUP(J36,BULLONI,3,0) -> 0.009 | Q36: =O36*P36 -> 1.296 | R36: =VLOOKUP(J36,BULLONI,4,0) -> 0.0265 | S36: =O36*R36 -> 3.816 | W36: =S36 -> 3.816 | X36: =SUM(T36:W36) -> 3.816
H37: PILASTRO CUSCINETTO | I37: 14 | J37: 10DAZAM16 | K37: Dado autobloccante M16 | L37: BULLONERIA | O37: =N_CUSC*2 -> 8 | P37: =VLOOKUP(J37,BULLONI,3,0) -> 0.036 | Q37: =O37*P37 -> 0.288 | R37: =VLOOKUP(J37,BULLONI,4,0) -> 0.0882 | S37: =O37*R37 -> 0.7056 | W37: =S37 -> 0.7056 | X37: =SUM(T37:W37) -> 0.7056
A38: TOTALE TRACKER 20 MODULI | C38: =SUM(C33:C36) -> 1018.8341 | D38: =SUM(D33:D36) -> 2959.3385 | E38: =SUM(E33:E36) -> 3156.7986 | H38: PILASTRO CUSCINETTO | I38: 15 | J38: 15T-CUSCINETTO | K38: Cuscinetto asse di rotazione | L38: ELETTROMECCANICA | O38: =N_CUSC*1 -> 4 | P38: =VLOOKUP(J38,ELETTROMECC,3,0) -> 3 | Q38: =O38*P38 -> 12 | R38: =VLOOKUP(J38,ELETTROMECC,6,0) -> 14 | S38: =O38*R38 -> 56 | W38: =S38 -> 56 | X38: =SUM(T38:W38) -> 56
A39: verifica (somma blocchi): | C39: =SUM(C25:C31) -> 1018.8341 | D39: =SUM(D25:D31) -> 2959.3385 | E39: =SUM(E25:E31) -> 3156.7986 | K39: ▸ PILASTRO CUSCINETTO – TOTALE | Q39: =SUM(Q24:Q38) -> 346.21288 | S39: =SUM(S24:S38) -> 542.38068 | T39: =SUM(T24:T38) -> 301.51024 | U39: =SUM(U24:U38) -> 162.65684 | V39: =SUM(V24:V38) -> 40.51776 | W39: =SUM(W24:W38) -> 78.2136 | X39: =SUM(X24:X38) -> 582.89844
A40: di cui BULLONERIA: | C40: =SUMIF($L$6:$L$85,"BULLONERIA",$Q$6:$Q$85) -> 26.9864 | E40: =SUMIF($L$6:$L$85,"BULLONERIA",$X$6:$X$85) -> 77.3048 | H40: ASSI DI ROTAZIONE 1303 | I40: 1 | J40: =IF(SPES_ASSE="2,5 mm","TTS.AR.001.7200.25","TTS.AR.001.7200") -> TTS.AR.001.7200.25 | K40: ="Asse lato motore 120x120x"&IF(SPES_ASSE="2,5 mm","2,5","3")&" mm lungh. mt."&TEXT(L_ASSE,"0.00") -> Asse lato motore 120x120x2,5 mm lungh. mt.007 | L40: STRUTTURA | M40: =IF(SPES_ASSE="2,5 mm","ASSE 120x120x2,5","ASSE 120x120x3") -> ASSE 120x120x2,5 | N40: =L_ASSE -> 7.2 | O40: 2 | P40: =N40*VLOOKUP(M40,PROFILI,4,0) -> 67.896 | Q40: =O40*P40 -> 135.792 | R40: =P40/(1+VLOOKUP(M40,PROFILI,3,0))*VLOOKUP(M40,PROFILI,5,0)+IF(VLOOKUP(M40,PROFILI,6,0)=0,0,P40*VLOOKUP(M40,PROFILI,6,0)) -> 82.8 | S40: =O40*R40 -> 165.6 | T40: =O40*N40*VLOOKUP(M40,PROFILI,8,0) -> 165.6 | U40: =O40*N40*VLOOKUP(M40,PROFILI,9,0) -> 0 | V40: =O40*N40*VLOOKUP(M40,PROFILI,12,0) -> 39.744 | X40: =SUM(T40:W40) -> 205.344
H41: ASSI DI ROTAZIONE 1303 | I41: 2 | J41: =IF(SPES_ASSE="2,5 mm","TTS.AR.002.6300.25","TTS.AR.002.6300") -> TTS.AR.002.6300.25 | K41: ="Asse esterno 120x120x"&IF(SPES_ASSE="2,5 mm","2,5","3")&" mm lungh. mt."&TEXT(L_ASSE_EXT,"0.00") -> Asse esterno 120x120x2,5 mm lungh. mt.006 | L41: STRUTTURA | M41: =IF(SPES_ASSE="2,5 mm","ASSE 120x120x2,5","ASSE 120x120x3") -> ASSE 120x120x2,5 | N41: =L_ASSE_EXT -> 6.3 | O41: 2 | P41: =N41*VLOOKUP(M41,PROFILI,4,0) -> 59.409 | Q41: =O41*P41 -> 118.818 | R41: =P41/(1+VLOOKUP(M41,PROFILI,3,0))*VLOOKUP(M41,PROFILI,5,0)+IF(VLOOKUP(M41,PROFILI,6,0)=0,0,P41*VLOOKUP(M41,PROFILI,6,0)) -> 72.45 | S41: =O41*R41 -> 144.9 | T41: =O41*N41*VLOOKUP(M41,PROFILI,8,0) -> 144.9 | U41: =O41*N41*VLOOKUP(M41,PROFILI,9,0) -> 0 | V41: =O41*N41*VLOOKUP(M41,PROFILI,12,0) -> 34.776 | X41: =SUM(T41:W41) -> 179.676
A42: Note: | H42: ASSI DI ROTAZIONE 1303 | I42: 3 | J42: TTS.AR.2011 | K42: Gaffa giunzione asse | L42: STRUTTURA | M42: GAFFA GIUNZIONE ASSE | N42: 1 | O42: 4 | P42: =N42*VLOOKUP(M42,PROFILI,4,0) -> 5.19675 | Q42: =O42*P42 -> 20.787 | R42: =P42/(1+VLOOKUP(M42,PROFILI,3,0))*VLOOKUP(M42,PROFILI,5,0)+IF(VLOOKUP(M42,PROFILI,6,0)=0,0,P42*VLOOKUP(M42,PROFILI,6,0)) -> 8.4669 | S42: =O42*R42 -> 33.8676 | T42: =O42*N42*VLOOKUP(M42,PROFILI,8,0) -> 17.238 | U42: =O42*N42*VLOOKUP(M42,PROFILI,9,0) -> 16.6296 | V42: =O42*N42*VLOOKUP(M42,PROFILI,12,0) -> 6.084 | X42: =SUM(T42:W42) -> 39.9516
A43: - Quantita' riferite al tracker 20 moduli (distinta materiali rev.3 + DISTINTA COMPLETA, col. 'Q.ta 20 mod'). | H43: ASSI DI ROTAZIONE 1303 | I43: 4 | J43: 10BZM8X150 | K43: Bullone testa esagonale zn M8X150 | L43: BULLONERIA | O43: 4 | P43: =VLOOKUP(J43,BULLONI,3,0) -> 0.049 | Q43: =O43*P43 -> 0.196 | R43: =VLOOKUP(J43,BULLONI,4,0) -> 0.1659 | S43: =O43*R43 -> 0.6636 | W43: =S43 -> 0.6636 | X43: =SUM(T43:W43) -> 0.6636
A44: - Il configuratore cambia profilo (IPE/IPEA), spessore asse (3,0/2,5), tipo omega (2,0/1,8), tipo impianto e lunghezze: peso e prezzo si ricalcolano, le quantita' restano quelle dei 20 moduli. | H44: ASSI DI ROTAZIONE 1303 | I44: 5 | J44: 10ROND8 | K44: Rondella zn 8 | L44: BULLONERIA | O44: 8 | P44: =VLOOKUP(J44,BULLONI,3,0) -> 0.0021 | Q44: =O44*P44 -> 0.0168 | R44: =VLOOKUP(J44,BULLONI,4,0) -> 0.0049 | S44: =O44*R44 -> 0.0392 | W44: =S44 -> 0.0392 | X44: =SUM(T44:W44) -> 0.0392
A45: - Prezzi bulloneria = 0 finche' non si compila la colonna Costo (EUR/pz) nel foglio DATI-BULLONERIA. | H45: ASSI DI ROTAZIONE 1303 | I45: 6 | J45: 10DAZAM8 | K45: Dado autobloccante M8 | L45: BULLONERIA | O45: 4 | P45: =VLOOKUP(J45,BULLONI,3,0) -> 0.0048 | Q45: =O45*P45 -> 0.0192 | R45: =VLOOKUP(J45,BULLONI,4,0) -> 0.0127 | S45: =O45*R45 -> 0.0508 | W45: =S45 -> 0.0508 | X45: =SUM(T45:W45) -> 0.0508
A46: - Motoriduttore, inclinometro, cuscinetto e quadro sotto motore: peso/prezzo dal foglio DATI-ELETTROMECCANICA (15T-INCLINOMETRO = 170 €/pz, 1,5 kg). | H46: ASSI DI ROTAZIONE 1303 | I46: 7 | J46: 10BZM10X30 | K46: Bullone testa esagonale zn M10X30 | L46: BULLONERIA | O46: 16 | P46: =VLOOKUP(J46,BULLONI,3,0) -> 0.0245 | Q46: =O46*P46 -> 0.392 | R46: =VLOOKUP(J46,BULLONI,4,0) -> 0.0634 | S46: =O46*R46 -> 1.0144 | W46: =S46 -> 1.0144 | X46: =SUM(T46:W46) -> 1.0144
A47: - Esclusi in questa fase: box, sensori meteo, moduli FV, kit fine corsa. | H47: ASSI DI ROTAZIONE 1303 | I47: 8 | J47: 10ROND10 | K47: Rondella zn 10 | L47: BULLONERIA | O47: 32 | P47: =VLOOKUP(J47,BULLONI,3,0) -> 0.0039 | Q47: =O47*P47 -> 0.1248 | R47: =VLOOKUP(J47,BULLONI,4,0) -> 0.0092 | S47: =O47*R47 -> 0.2944 | W47: =S47 -> 0.2944 | X47: =SUM(T47:W47) -> 0.2944
A48: - Quadro Area A: componente di area (non per singolo tracker), quantita' fissa = 1 per tracker; peso/prezzo dal foglio DATI-ELETTROMECCANICA (peso da compilare). | H48: ASSI DI ROTAZIONE 1303 | I48: 9 | J48: 10DAZAM10 | K48: Dado autobloccante M10 | L48: BULLONERIA | O48: 16 | P48: =VLOOKUP(J48,BULLONI,3,0) -> 0.009 | Q48: =O48*P48 -> 0.144 | R48: =VLOOKUP(J48,BULLONI,4,0) -> 0.0265 | S48: =O48*R48 -> 0.424 | W48: =S48 -> 0.424 | X48: =SUM(T48:W48) -> 0.424
K49: ▸ ASSI DI ROTAZIONE 1303 – TOTALE | Q49: =SUM(Q40:Q48) -> 276.2898 | S49: =SUM(S40:S48) -> 346.854 | T49: =SUM(T40:T48) -> 327.738 | U49: =SUM(U40:U48) -> 16.6296 | V49: =SUM(V40:V48) -> 80.604 | W49: =SUM(W40:W48) -> 2.4864 | X49: =SUM(X40:X48) -> 427.458
H50: KIT OMEGA + PANNELLI | I50: 1 | J50: =IF(PROF_OMEGA="OMEGA 1,8","TTS.AR.3014.18","TTS.AR.3014") -> TTS.AR.3014 | K50: ="Omega supporto pannello"&IF(PROF_OMEGA="OMEGA 1,8"," mm1,8","") -> Omega supporto pannello | L50: STRUTTURA | M50: =PROF_OMEGA -> OMEGA 2,0 | N50: 1.5 | O50: =N_OMEGA*1 -> 22 | P50: =N50*VLOOKUP(M50,PROFILI,4,0) -> 5.99625 | Q50: =O50*P50 -> 131.9175 | R50: =P50/(1+VLOOKUP(M50,PROFILI,3,0))*VLOOKUP(M50,PROFILI,5,0)+IF(VLOOKUP(M50,PROFILI,6,0)=0,0,P50*VLOOKUP(M50,PROFILI,6,0)) -> 5.5575 | S50: =O50*R50 -> 122.265 | T50: =O50*N50*VLOOKUP(M50,PROFILI,8,0) -> 122.265 | U50: =O50*N50*VLOOKUP(M50,PROFILI,9,0) -> 0 | V50: =O50*N50*VLOOKUP(M50,PROFILI,12,0) -> 38.61 | X50: =SUM(T50:W50) -> 160.875
H51: KIT OMEGA + PANNELLI | I51: 2 | J51: TTS.AR.3011 | K51: Supporto a L superiore omega | L51: STRUTTURA | M51: SUPPORTO L | N51: 0.63 | O51: =N_OMEGA*2 -> 44 | P51: =N51*VLOOKUP(M51,PROFILI,4,0) -> 0.87822 | Q51: =O51*P51 -> 38.64168 | R51: =P51/(1+VLOOKUP(M51,PROFILI,3,0))*VLOOKUP(M51,PROFILI,5,0)+IF(VLOOKUP(M51,PROFILI,6,0)=0,0,P51*VLOOKUP(M51,PROFILI,6,0)) -> 1.011024 | S51: =O51*R51 -> 44.485056 | T51: =O51*N51*VLOOKUP(M51,PROFILI,8,0) -> 44.485056 | U51: =O51*N51*VLOOKUP(M51,PROFILI,9,0) -> 0 | V51: =O51*N51*VLOOKUP(M51,PROFILI,12,0) -> 11.30976 | X51: =SUM(T51:W51) -> 55.794816
H52: KIT OMEGA + PANNELLI | I52: 3 | J52: TTS.AR.3012 | K52: Supporto a V inferiore omega | L52: STRUTTURA | M52: SUPPORTO V | N52: 1 | O52: =N_OMEGA*2 -> 44 | P52: =N52*VLOOKUP(M52,PROFILI,4,0) -> 0.42025 | Q52: =O52*P52 -> 18.491 | R52: =P52/(1+VLOOKUP(M52,PROFILI,3,0))*VLOOKUP(M52,PROFILI,5,0)+IF(VLOOKUP(M52,PROFILI,6,0)=0,0,P52*VLOOKUP(M52,PROFILI,6,0)) -> 0.451 | S52: =O52*R52 -> 19.844 | T52: =O52*N52*VLOOKUP(M52,PROFILI,8,0) -> 19.844 | U52: =O52*N52*VLOOKUP(M52,PROFILI,9,0) -> 0 | V52: =O52*N52*VLOOKUP(M52,PROFILI,12,0) -> 5.412 | X52: =SUM(T52:W52) -> 25.256
H53: KIT OMEGA + PANNELLI | I53: 4 | J53: TTS.AR.3013 | K53: Gaffa sotto omega | L53: STRUTTURA | M53: GAFFA | N53: 1 | O53: =N_OMEGA*1 -> 22 | P53: =N53*VLOOKUP(M53,PROFILI,4,0) -> 1.312 | Q53: =O53*P53 -> 28.864 | R53: =P53/(1+VLOOKUP(M53,PROFILI,3,0))*VLOOKUP(M53,PROFILI,5,0)+IF(VLOOKUP(M53,PROFILI,6,0)=0,0,P53*VLOOKUP(M53,PROFILI,6,0)) -> 2.1376 | S53: =O53*R53 -> 47.0272 | T53: =O53*N53*VLOOKUP(M53,PROFILI,8,0) -> 23.936 | U53: =O53*N53*VLOOKUP(M53,PROFILI,9,0) -> 23.0912 | V53: =O53*N53*VLOOKUP(M53,PROFILI,12,0) -> 8.448 | X53: =SUM(T53:W53) -> 55.4752
H54: KIT OMEGA + PANNELLI | I54: 5 | J54: 10BZM6X150 | K54: Bullone testa esagonale zn M6X150 | L54: BULLONERIA | O54: =N_OMEGA*2 -> 44 | P54: =VLOOKUP(J54,BULLONI,3,0) -> 0.026 | Q54: =O54*P54 -> 1.144 | R54: =VLOOKUP(J54,BULLONI,4,0) -> 0.2214 | S54: =O54*R54 -> 9.7416 | W54: =S54 -> 9.7416 | X54: =SUM(T54:W54) -> 9.7416
H55: KIT OMEGA + PANNELLI | I55: 6 | J55: 10BZM8X25 | K55: Bullone testa esagonale zn M8X25 | L55: BULLONERIA | O55: =N_OMEGA*4+N_PANN*4 -> 168 | P55: =VLOOKUP(J55,BULLONI,3,0) -> 0.0129 | Q55: =O55*P55 -> 2.1672 | R55: =VLOOKUP(J55,BULLONI,4,0) -> 0.0297 | S55: =O55*R55 -> 4.9896 | W55: =S55 -> 4.9896 | X55: =SUM(T55:W55) -> 4.9896
H56: KIT OMEGA + PANNELLI | I56: 7 | J56: 10BZM10X160 | K56: Bullone testa esagonale zn M10X160 | L56: BULLONERIA | O56: =N_OMEGA*4 -> 88 | P56: =VLOOKUP(J56,BULLONI,3,0) -> 0.095 | Q56: =O56*P56 -> 8.36 | R56: =VLOOKUP(J56,BULLONI,4,0) -> 0.2686 | S56: =O56*R56 -> 23.6368 | W56: =S56 -> 23.6368 | X56: =SUM(T56:W56) -> 23.6368
H57: KIT OMEGA + PANNELLI | I57: 8 | J57: 10ROND6 | K57: Rondella zn 6 | L57: BULLONERIA | O57: =N_OMEGA*4 -> 88 | P57: =VLOOKUP(J57,BULLONI,3,0) -> 0.0011 | Q57: =O57*P57 -> 0.0968 | R57: =VLOOKUP(J57,BULLONI,4,0) -> 0.0036 | S57: =O57*R57 -> 0.3168 | W57: =S57 -> 0.3168 | X57: =SUM(T57:W57) -> 0.3168
H58: KIT OMEGA + PANNELLI | I58: 9 | J58: 10ROND8 | K58: Rondella zn 8 | L58: BULLONERIA | O58: =N_OMEGA*8+N_PANN*5 -> 276 | P58: =VLOOKUP(J58,BULLONI,3,0) -> 0.0021 | Q58: =O58*P58 -> 0.5796 | R58: =VLOOKUP(J58,BULLONI,4,0) -> 0.0049 | S58: =O58*R58 -> 1.3524 | W58: =S58 -> 1.3524 | X58: =SUM(T58:W58) -> 1.3524
H59: KIT OMEGA + PANNELLI | I59: 10 | J59: 10ROND10 | K59: Rondella zn 10 | L59: BULLONERIA | O59: =N_OMEGA*8 -> 176 | P59: =VLOOKUP(J59,BULLONI,3,0) -> 0.0039 | Q59: =O59*P59 -> 0.6864 | R59: =VLOOKUP(J59,BULLONI,4,0) -> 0.0092 | S59: =O59*R59 -> 1.6192 | W59: =S59 -> 1.6192 | X59: =SUM(T59:W59) -> 1.6192
H60: KIT OMEGA + PANNELLI | I60: 11 | J60: 10DAZAM6 | K60: Dado autobloccante M6 | L60: BULLONERIA | O60: =N_OMEGA*2 -> 44 | P60: =VLOOKUP(J60,BULLONI,3,0) -> 0.0021 | Q60: =O60*P60 -> 0.0924 | R60: =VLOOKUP(J60,BULLONI,4,0) -> 0.0078 | S60: =O60*R60 -> 0.3432 | W60: =S60 -> 0.3432 | X60: =SUM(T60:W60) -> 0.3432
H61: KIT OMEGA + PANNELLI | I61: 12 | J61: 10DAZAM8 | K61: Dado autobloccante M8 | L61: BULLONERIA | O61: =N_OMEGA*8 -> 176 | P61: =VLOOKUP(J61,BULLONI,3,0) -> 0.0048 | Q61: =O61*P61 -> 0.8448 | R61: =VLOOKUP(J61,BULLONI,4,0) -> 0.0127 | S61: =O61*R61 -> 2.2352 | W61: =S61 -> 2.2352 | X61: =SUM(T61:W61) -> 2.2352
H62: KIT OMEGA + PANNELLI | I62: 13 | J62: 10DADAZM8 | K62: Dado autobloccante M8 zn | L62: BULLONERIA | O62: =N_PANN*4 -> 80 | P62: =VLOOKUP(J62,BULLONI,3,0) -> 0.0048 | Q62: =O62*P62 -> 0.384 | R62: =VLOOKUP(J62,BULLONI,4,0) -> 0.0138 | S62: =O62*R62 -> 1.104 | W62: =S62 -> 1.104 | X62: =SUM(T62:W62) -> 1.104
K63: ▸ KIT OMEGA + PANNELLI – TOTALE | Q63: =SUM(Q50:Q62) -> 232.26938 | S63: =SUM(S50:S62) -> 278.96006 | T63: =SUM(T50:T62) -> 210.53006 | U63: =SUM(U50:U62) -> 23.0912 | V63: =SUM(V50:V62) -> 63.77976 | W63: =SUM(W50:W62) -> 45.3388 | X63: =SUM(X50:X62) -> 342.73982
H64: KIT INCLINOMETRO | I64: 1 | J64: TTS.AR.4011 | K64: Supporto superiore inclinometro | L64: PEZZI SPECIALI | O64: =N_MOT*1 -> 1 | P64: =VLOOKUP(J64,PEZZI,7,0) -> 0.86346 | Q64: =O64*P64 -> 0.86346 | R64: =VLOOKUP(J64,PEZZI,10,0) -> 1.23201 | S64: =O64*R64 -> 1.23201 | T64: =O64*VLOOKUP(J64,PEZZI,8,0) -> 0.80028 | U64: =O64*VLOOKUP(J64,PEZZI,9,0) -> 0.43173 | V64: =O64*VLOOKUP(J64,PEZZI,12,0) -> 0.25272 | X64: =SUM(T64:W64) -> 1.48473
H65: KIT INCLINOMETRO | I65: 2 | J65: TTS.AR.4012 | K65: Supporto inferiore inclinometro | L65: PEZZI SPECIALI | O65: =N_MOT*1 -> 1 | P65: =VLOOKUP(J65,PEZZI,7,0) -> 3.02211 | Q65: =O65*P65 -> 3.02211 | R65: =VLOOKUP(J65,PEZZI,10,0) -> 4.312035 | S65: =O65*R65 -> 4.312035 | T65: =O65*VLOOKUP(J65,PEZZI,8,0) -> 2.80098 | U65: =O65*VLOOKUP(J65,PEZZI,9,0) -> 1.511055 | V65: =O65*VLOOKUP(J65,PEZZI,12,0) -> 0.88452 | X65: =SUM(T65:W65) -> 5.196555
H66: KIT INCLINOMETRO | I66: 3 | J66: 15T-INCLINOMETRO | K66: Inclinometro | L66: ELETTROMECCANICA | O66: =N_MOT*1 -> 1 | P66: =VLOOKUP(J66,ELETTROMECC,3,0) -> 1.5 | Q66: =O66*P66 -> 1.5 | R66: =VLOOKUP(J66,ELETTROMECC,6,0) -> 170 | S66: =O66*R66 -> 170 | W66: =S66 -> 170 | X66: =SUM(T66:W66) -> 170
H67: KIT INCLINOMETRO | I67: 4 | J67: 10BZM8X150 | K67: Bullone testa esagonale zn M8X150 | L67: BULLONERIA | O67: =N_MOT*4 -> 4 | P67: =VLOOKUP(J67,BULLONI,3,0) -> 0.049 | Q67: =O67*P67 -> 0.196 | R67: =VLOOKUP(J67,BULLONI,4,0) -> 0.1659 | S67: =O67*R67 -> 0.6636 | W67: =S67 -> 0.6636 | X67: =SUM(T67:W67) -> 0.6636
H68: KIT INCLINOMETRO | I68: 5 | J68: 10ROND8 | K68: Rondella zn 8 | L68: BULLONERIA | O68: =N_MOT*8 -> 8 | P68: =VLOOKUP(J68,BULLONI,3,0) -> 0.0021 | Q68: =O68*P68 -> 0.0168 | R68: =VLOOKUP(J68,BULLONI,4,0) -> 0.0049 | S68: =O68*R68 -> 0.0392 | W68: =S68 -> 0.0392 | X68: =SUM(T68:W68) -> 0.0392
H69: KIT INCLINOMETRO | I69: 6 | J69: 10DAZAM8 | K69: Dado autobloccante M8 | L69: BULLONERIA | O69: =N_MOT*4 -> 4 | P69: =VLOOKUP(J69,BULLONI,3,0) -> 0.0048 | Q69: =O69*P69 -> 0.0192 | R69: =VLOOKUP(J69,BULLONI,4,0) -> 0.0127 | S69: =O69*R69 -> 0.0508 | W69: =S69 -> 0.0508 | X69: =SUM(T69:W69) -> 0.0508
H70: KIT INCLINOMETRO | I70: 7 | J70: M5X30 8.8 ISO1207 | K70: Bullone testa esagonale con intaglio M5x30 | L70: BULLONERIA | O70: =N_MOT*4 -> 4 | P70: =VLOOKUP(J70,BULLONI,3,0) -> 0.0042 | Q70: =O70*P70 -> 0.0168 | R70: =VLOOKUP(J70,BULLONI,4,0) -> 0.0162 | S70: =O70*R70 -> 0.0648 | W70: =S70 -> 0.0648 | X70: =SUM(T70:W70) -> 0.0648
H71: KIT INCLINOMETRO | I71: 8 | J71: 10ROND5 | K71: Rondella ZN da 5 | L71: BULLONERIA | O71: =N_MOT*4 -> 4 | P71: =VLOOKUP(J71,BULLONI,3,0) -> 0.0005 | Q71: =O71*P71 -> 0.002 | R71: =VLOOKUP(J71,BULLONI,4,0) -> 0.0019 | S71: =O71*R71 -> 0.0076 | W71: =S71 -> 0.0076 | X71: =SUM(T71:W71) -> 0.0076
H72: KIT INCLINOMETRO | I72: 9 | J72: 10DAZAM5 | K72: Dado zincato autobloc. M5 | L72: BULLONERIA | O72: =N_MOT*4 -> 4 | P72: =VLOOKUP(J72,BULLONI,3,0) -> 0.0011 | Q72: =O72*P72 -> 0.0044 | R72: =VLOOKUP(J72,BULLONI,4,0) -> 0.0063 | S72: =O72*R72 -> 0.0252 | W72: =S72 -> 0.0252 | X72: =SUM(T72:W72) -> 0.0252
K73: ▸ KIT INCLINOMETRO – TOTALE | Q73: =SUM(Q64:Q72) -> 5.64077 | S73: =SUM(S64:S72) -> 176.39525 | T73: =SUM(T64:T72) -> 3.60126 | U73: =SUM(U64:U72) -> 1.942785 | V73: =SUM(V64:V72) -> 1.13724 | W73: =SUM(W64:W72) -> 170.8512 | X73: =SUM(X64:X72) -> 177.53249
A74: 4 · VOCI DEL PREZZO FINALE (materiale + zincatura + lavorazione + commerciale)
A75: Per categoria componente | C75: Materiale (€) | D75: Zincatura (€) | E75: Lavorazione (€) | F75: Commerciale (€) | G75: Prezzo finale (€) | H75: QUADRO AREA A | I75: 1 | J75: 15T-QUADA | K75: Quadro Area A | L75: ELETTROMECCANICA | O75: 1 | P75: =VLOOKUP(J75,ELETTROMECC,3,0) -> 15 | Q75: =O75*P75 -> 15 | R75: =VLOOKUP(J75,ELETTROMECC,6,0) -> 1000 | S75: =O75*R75 -> 1000 | W75: =S75 -> 1000 | X75: =SUM(T75:W75) -> 1000
A76: STRUTTURA | C76: =SUMIF($L$6:$L$85,"STRUTTURA",$T$6:$T$85) -> 899.86124 | D76: =SUMIF($L$6:$L$85,"STRUTTURA",$U$6:$U$85) -> 234.7908 | E76: =SUMIF($L$6:$L$85,"STRUTTURA",$V$6:$V$85) -> 190.40748 | F76: =SUMIF($L$6:$L$85,"STRUTTURA",$W$6:$W$85) -> 0 | G76: =SUMIF($L$6:$L$85,"STRUTTURA",$X$6:$X$85) -> 1325.0595 | K76: ▸ QUADRO AREA A – TOTALE | Q76: =SUM(Q75:Q75) -> 15 | S76: =SUM(S75:S75) -> 1000 | T76: =SUM(T75:T75) -> 0 | U76: =SUM(U75:U75) -> 0 | V76: =SUM(V75:V75) -> 0 | W76: =SUM(W75:W75) -> 1000 | X76: =SUM(X75:X75) -> 1000
A77: PEZZI SPECIALI | C77: =SUMIF($L$6:$L$85,"PEZZI SPECIALI",$T$6:$T$85) -> 22.33336 | D77: =SUMIF($L$6:$L$85,"PEZZI SPECIALI",$U$6:$U$85) -> 12.04826 | E77: =SUMIF($L$6:$L$85,"PEZZI SPECIALI",$V$6:$V$85) -> 7.05264 | F77: =SUMIF($L$6:$L$85,"PEZZI SPECIALI",$W$6:$W$85) -> 0 | G77: =SUMIF($L$6:$L$85,"PEZZI SPECIALI",$X$6:$X$85) -> 41.43426
A78: BULLONERIA | C78: =SUMIF($L$6:$L$85,"BULLONERIA",$T$6:$T$85) -> 0 | D78: =SUMIF($L$6:$L$85,"BULLONERIA",$U$6:$U$85) -> 0 | E78: =SUMIF($L$6:$L$85,"BULLONERIA",$V$6:$V$85) -> 0 | F78: =SUMIF($L$6:$L$85,"BULLONERIA",$W$6:$W$85) -> 77.3048 | G78: =SUMIF($L$6:$L$85,"BULLONERIA",$X$6:$X$85) -> 77.3048
A79: ELETTROMECCANICA | C79: =SUMIF($L$6:$L$85,"ELETTROMECCANICA",$T$6:$T$85) -> 0 | D79: =SUMIF($L$6:$L$85,"ELETTROMECCANICA",$U$6:$U$85) -> 0 | E79: =SUMIF($L$6:$L$85,"ELETTROMECCANICA",$V$6:$V$85) -> 0 | F79: =SUMIF($L$6:$L$85,"ELETTROMECCANICA",$W$6:$W$85) -> 1713 | G79: =SUMIF($L$6:$L$85,"ELETTROMECCANICA",$X$6:$X$85) -> 1713
A80: TOTALE | C80: =SUM(C76:C79) -> 922.1946 | D80: =SUM(D76:D79) -> 246.83906 | E80: =SUM(E76:E79) -> 197.46012 | F80: =SUM(F76:F79) -> 1790.3048 | G80: =SUM(G76:G79) -> 3156.7986
A82: Per blocco di assieme | C82: Materiale (€) | D82: Zincatura (€) | E82: Lavorazione (€) | F82: Commerciale (€) | G82: Prezzo finale (€)
A83: PILASTRO MOTORE | C83: =SUMIF($H$6:$H$85,"PILASTRO MOTORE",$T$6:$T$85) -> 78.81504 | D83: =SUMIF($H$6:$H$85,"PILASTRO MOTORE",$U$6:$U$85) -> 42.51864 | E83: =SUMIF($H$6:$H$85,"PILASTRO MOTORE",$V$6:$V$85) -> 11.42136 | F83: =SUMIF($H$6:$H$85,"PILASTRO MOTORE",$W$6:$W$85) -> 493.4148 | G83: =SUMIF($H$6:$H$85,"PILASTRO MOTORE",$X$6:$X$85) -> 626.16984
A84: PILASTRO CUSCINETTO | C84: =SUMIF($H$6:$H$85,"PILASTRO CUSCINETTO",$T$6:$T$85) -> 301.51024 | D84: =SUMIF($H$6:$H$85,"PILASTRO CUSCINETTO",$U$6:$U$85) -> 162.65684 | E84: =SUMIF($H$6:$H$85,"PILASTRO CUSCINETTO",$V$6:$V$85) -> 40.51776 | F84: =SUMIF($H$6:$H$85,"PILASTRO CUSCINETTO",$W$6:$W$85) -> 78.2136 | G84: =SUMIF($H$6:$H$85,"PILASTRO CUSCINETTO",$X$6:$X$85) -> 582.89844
A85: ASSI DI ROTAZIONE 1303 | C85: =SUMIF($H$6:$H$85,"ASSI DI ROTAZIONE 1303",$T$6:$T$85) -> 327.738 | D85: =SUMIF($H$6:$H$85,"ASSI DI ROTAZIONE 1303",$U$6:$U$85) -> 16.6296 | E85: =SUMIF($H$6:$H$85,"ASSI DI ROTAZIONE 1303",$V$6:$V$85) -> 80.604 | F85: =SUMIF($H$6:$H$85,"ASSI DI ROTAZIONE 1303",$W$6:$W$85) -> 2.4864 | G85: =SUMIF($H$6:$H$85,"ASSI DI ROTAZIONE 1303",$X$6:$X$85) -> 427.458
A86: KIT OMEGA + PANNELLI | C86: =SUMIF($H$6:$H$85,"KIT OMEGA + PANNELLI",$T$6:$T$85) -> 210.53006 | D86: =SUMIF($H$6:$H$85,"KIT OMEGA + PANNELLI",$U$6:$U$85) -> 23.0912 | E86: =SUMIF($H$6:$H$85,"KIT OMEGA + PANNELLI",$V$6:$V$85) -> 63.77976 | F86: =SUMIF($H$6:$H$85,"KIT OMEGA + PANNELLI",$W$6:$W$85) -> 45.3388 | G86: =SUMIF($H$6:$H$85,"KIT OMEGA + PANNELLI",$X$6:$X$85) -> 342.73982
A87: KIT INCLINOMETRO | C87: =SUMIF($H$6:$H$85,"KIT INCLINOMETRO",$T$6:$T$85) -> 3.60126 | D87: =SUMIF($H$6:$H$85,"KIT INCLINOMETRO",$U$6:$U$85) -> 1.942785 | E87: =SUMIF($H$6:$H$85,"KIT INCLINOMETRO",$V$6:$V$85) -> 1.13724 | F87: =SUMIF($H$6:$H$85,"KIT INCLINOMETRO",$W$6:$W$85) -> 170.8512 | G87: =SUMIF($H$6:$H$85,"KIT INCLINOMETRO",$X$6:$X$85) -> 177.53249
A88: QUADRO AREA A | C88: =SUMIF($H$6:$H$85,"QUADRO AREA A",$T$6:$T$85) -> 0 | D88: =SUMIF($H$6:$H$85,"QUADRO AREA A",$U$6:$U$85) -> 0 | E88: =SUMIF($H$6:$H$85,"QUADRO AREA A",$V$6:$V$85) -> 0 | F88: =SUMIF($H$6:$H$85,"QUADRO AREA A",$W$6:$W$85) -> 1000 | G88: =SUMIF($H$6:$H$85,"QUADRO AREA A",$X$6:$X$85) -> 1000
A89: TOTALE | C89: =SUM(C83:C88) -> 922.1946 | D89: =SUM(D83:D88) -> 246.83906 | E89: =SUM(E83:E88) -> 197.46012 | F89: =SUM(F83:F88) -> 1790.3048 | G89: =SUM(G83:G88) -> 3156.7986
A91: verifica (per categoria − per blocco, atteso 0) | C91: =G80-G89 -> 0
A93: Prezzo finale = Materiale + Zincatura + Lavorazione (0,30 €/kg sul peso netto) + Commerciale. Materiale + Zincatura = 'Costo (€)' del riepilogo sopra (STRUTTURA/PEZZI SPECIALI) e Commerciale = quello di BULLONERIA/ELETTROMECCANICA; la Lavorazione è la voce aggiunta.
A95: 5 · INCIDENZA DEI COSTI SUL PRODOTTO
A96: Per voce del prezzo finale | C96: Importo (€) | D96: Incidenza %
A97: Materiale | C97: =C80 -> 922.1946 | D97: =C97/$C$101 -> 0.29212969
A98: Zincatura | C98: =D80 -> 246.83906 | D98: =C98/$C$101 -> 0.078192846
A99: Lavorazione | C99: =E80 -> 197.46012 | D99: =C99/$C$101 -> 0.06255075
A100: Commerciale | C100: =F80 -> 1790.3048 | D100: =C100/$C$101 -> 0.56712671
A101: TOTALE | C101: =SUM(C97:C100) -> 3156.7986 | D101: =C101/$C$101 -> 1
A103: Per blocco di assieme | C103: Importo (€) | D103: Incidenza %
A104: PILASTRO MOTORE | C104: =G83 -> 626.16984 | D104: =C104/$C$110 -> 0.19835597
A105: PILASTRO CUSCINETTO | C105: =G84 -> 582.89844 | D105: =C105/$C$110 -> 0.1846486
A106: ASSI DI ROTAZIONE 1303 | C106: =G85 -> 427.458 | D106: =C106/$C$110 -> 0.1354087
...

Sheet TRACKER 22 MODULI
A1: CONFIGURATORE TRACKER 22 MODULI – 1303
A2: Blocchi STRUTTURA - PEZZI SPECIALI - BULLONERIA. Pesi e prezzi da SCHEDA STRUTTURA / PEZZI SPECIALI / BULLONERIA (LISTINO rev.28). Celle gialle = da impostare. Prezzi PEZZI SPECIALI calcolati nel foglio DATI-PEZZI SPECIALI (stesse regole della struttura, riga IPE 140).
A4: 1 · SCELTE DI CONFIGURAZIONE | H4: 2 · DISTINTA CONFIGURATA – 22 MODULI
A5: Parametro | C5: Valore | E5: Opzioni / note | H5: Blocco | I5: Pos. | J5: Codice | K5: Descrizione | L5: Categoria | M5: Profilo / tipo | N5: Lungh. (m) | O5: Q.tà tracker | P5: Peso unit. (kg) | Q5: Peso tot. (kg) | R5: Prezzo unit. (€) | S5: Importo (€) | T5: Materiale (€) | U5: Zincatura (€) | V5: Lavorazione (€) | W5: Commerciale (€) | X5: Prezzo finale (€)
A6: N. moduli tracker | C6: 22 | E6: fisso in questa fase | H6: PILASTRO MOTORE | I6: 1 | J6: ="TTS.PF.001."&IF(PROF_FOND="IPEA 140","IPEA140","IPE140")&"."&TEXT(INT(L_FOND*10+0.05),"00") -> TTS.PF.001.IPE140.30 | K6: ="Pilastro fondazione trave "&PROF_FOND&" mt."&TEXT(L_FOND,"0.00") -> Pilastro fondazione trave IPE 140 mt.003 | L6: STRUTTURA | M6: =PROF_FOND -> IPE 140 | N6: =L_FOND -> 3 | O6: =IF(TIPO_IMPIANTO="Basso",0,N_MOT*1) -> 1 | P6: =N6*VLOOKUP(M6,PROFILI,4,0) -> 39.6675 | Q6: =O6*P6 -> 39.6675 | R6: =P6/(1+VLOOKUP(M6,PROFILI,3,0))*VLOOKUP(M6,PROFILI,5,0)+IF(VLOOKUP(M6,PROFILI,6,0)=0,0,P6*VLOOKUP(M6,PROFILI,6,0)) -> 56.59875 | S6: =O6*R6 -> 56.59875 | T6: =O6*N6*VLOOKUP(M6,PROFILI,8,0) -> 36.765 | U6: =O6*N6*VLOOKUP(M6,PROFILI,9,0) -> 19.83375 | V6: =O6*N6*VLOOKUP(M6,PROFILI,12,0) -> 3.87 | W6: 0 | X6: =SUM(T6:W6) -> 60.46875
A7: N. pilastro motore | C7: 1 | E7: 1 per tracker | H7: PILASTRO MOTORE | I7: 2 | J7: ="TTS.PM.001."&IF(PROF_MOT="IPEA 140","IPEA140","IPE140")&"."&TEXT(INT(L_MOT*10+0.05),"00") -> TTS.PM.001.IPE140.22 | K7: ="Pilastro motore trave "&PROF_MOT&" mt."&TEXT(L_MOT,"0.00") -> Pilastro motore trave IPE 140 mt.002 | L7: STRUTTURA | M7: =PROF_MOT -> IPE 140 | N7: =L_MOT -> 2.22 | O7: =N_MOT*1 -> 1 | P7: =N7*VLOOKUP(M7,PROFILI,4,0) -> 29.35395 | Q7: =O7*P7 -> 29.35395 | R7: =P7/(1+VLOOKUP(M7,PROFILI,3,0))*VLOOKUP(M7,PROFILI,5,0)+IF(VLOOKUP(M7,PROFILI,6,0)=0,0,P7*VLOOKUP(M7,PROFILI,6,0)) -> 41.883075 | S7: =O7*R7 -> 41.883075 | T7: =O7*N7*VLOOKUP(M7,PROFILI,8,0) -> 27.2061 | U7: =O7*N7*VLOOKUP(M7,PROFILI,9,0) -> 14.676975 | V7: =O7*N7*VLOOKUP(M7,PROFILI,12,0) -> 2.8638 | X7: =SUM(T7:W7) -> 44.746875
A8: N. pilastro cuscinetto | C8: 4 | E8: 22 moduli = 1 pilastro motore + 4 pilastri cuscinetto | H8: PILASTRO MOTORE | I8: 3 | J8: TTS.PF.002.IPE140 | K8: Piastra giunzione montanti centrali 200x100x4 (8 fori Ø11) | L8: PEZZI SPECIALI | M8: Lamiera 4mm | O8: =IF(TIPO_IMPIANTO="Basso",0,N_MOT*2) -> 2 | P8: =VLOOKUP(J8,PEZZI,7,0) -> 0.6396 | Q8: =O8*P8 -> 1.2792 | R8: =VLOOKUP(J8,PEZZI,10,0) -> 0.9126 | S8: =O8*R8 -> 1.8252 | T8: =O8*VLOOKUP(J8,PEZZI,8,0) -> 1.1856 | U8: =O8*VLOOKUP(J8,PEZZI,9,0) -> 0.6396 | V8: =O8*VLOOKUP(J8,PEZZI,12,0) -> 0.3744 | X8: =SUM(T8:W8) -> 2.1996
A9: N. kit omega (supporto pannello) | C9: 24 | E9: 22 moduli | H9: PILASTRO MOTORE | I9: 4 | J9: TTS.PF.003.IPE140 | K9: Piastra giunzione montanti esterna 240x70x6 (12 fori Ø11) | L9: PEZZI SPECIALI | M9: Lamiera 6mm | O9: =IF(TIPO_IMPIANTO="Basso",0,N_MOT*2) -> 2 | P9: =VLOOKUP(J9,PEZZI,7,0) -> 0.805855 | Q9: =O9*P9 -> 1.61171 | R9: =VLOOKUP(J9,PEZZI,10,0) -> 1.1498175 | S9: =O9*R9 -> 2.299635 | T9: =O9*VLOOKUP(J9,PEZZI,8,0) -> 1.49378 | U9: =O9*VLOOKUP(J9,PEZZI,9,0) -> 0.805855 | V9: =O9*VLOOKUP(J9,PEZZI,12,0) -> 0.47172 | X9: =SUM(T9:W9) -> 2.771355
A10: N. kit pannello | C10: 22 | E10: 1 per modulo | H10: PILASTRO MOTORE | I10: 5 | J10: TTS.PF.004.IPE140 | K10: Piastra giunzione montanti interna 240x25x6 (6 fori Ø11) | L10: PEZZI SPECIALI | M10: Lamiera 6mm | O10: =IF(TIPO_IMPIANTO="Basso",0,N_MOT*4) -> 4 | P10: =VLOOKUP(J10,PEZZI,7,0) -> 0.28782 | Q10: =O10*P10 -> 1.15128 | R10: =VLOOKUP(J10,PEZZI,10,0) -> 0.41067 | S10: =O10*R10 -> 1.64268 | T10: =O10*VLOOKUP(J10,PEZZI,8,0) -> 1.06704 | U10: =O10*VLOOKUP(J10,PEZZI,9,0) -> 0.57564 | V10: =O10*VLOOKUP(J10,PEZZI,12,0) -> 0.33696 | X10: =SUM(T10:W10) -> 1.97964
A11: Tipo impianto | C11: Agrivoltaico | E11: Agrivoltaico = pilastri in 2 pezzi + piastre di giunzione · Basso = pilastro unico, senza piastre (cuscinetto da 2,80) | H11: PILASTRO MOTORE | I11: 6 | J11: TTS.PM.002.IPE140 | K11: Supporto laterale testa riduttore | L11: STRUTTURA | M11: Lamiera 8mm | O11: =N_MOT*2 -> 2 | P11: =VLOOKUP(J11,PEZZI_STRUTT,7,0) -> 4.68507 | Q11: =O11*P11 -> 9.37014 | R11: =VLOOKUP(J11,PEZZI_STRUTT,10,0) -> 6.684795 | S11: =O11*R11 -> 13.36959 | T11: =O11*VLOOKUP(J11,PEZZI_STRUTT,8,0) -> 8.68452 | U11: =O11*VLOOKUP(J11,PEZZI_STRUTT,9,0) -> 4.68507 | V11: =O11*VLOOKUP(J11,PEZZI_STRUTT,12,0) -> 2.74248 | X11: =SUM(T11:W11) -> 16.11207
A12: Profilo pilastro fondazione | C12: IPE 140 | E12: IPE 140 / IPEA 140 (alleggerita) | H12: PILASTRO MOTORE | I12: 7 | J12: TTS.PM.003.IPE140 | K12: Testa riduttore pilastro motore | L12: STRUTTURA | M12: Lamiera 4mm | O12: =N_MOT*1 -> 1 | P12: =VLOOKUP(J12,PEZZI_STRUTT,7,0) -> 2.6035 | Q12: =O12*P12 -> 2.6035 | R12: =VLOOKUP(J12,PEZZI_STRUTT,10,0) -> 3.71475 | S12: =O12*R12 -> 3.71475 | T12: =O12*VLOOKUP(J12,PEZZI_STRUTT,8,0) -> 2.413 | U12: =O12*VLOOKUP(J12,PEZZI_STRUTT,9,0) -> 1.30175 | V12: =O12*VLOOKUP(J12,PEZZI_STRUTT,12,0) -> 0.762 | X12: =SUM(T12:W12) -> 4.47675
A13: Lunghezza pilastro fondazione | C13: 3 | E13: m - 2,60 ... 3,60 (usato solo con Agrivoltaico) | H13: PILASTRO MOTORE | I13: 8 | J13: 10BZ10X40 | K13: Bullone testa esagonale zn M10X40 | L13: BULLONERIA | O13: =IF(TIPO_IMPIANTO="Basso",0,N_MOT*32) -> 32 | P13: =VLOOKUP(J13,BULLONI,3,0) -> 0.0305 | Q13: =O13*P13 -> 0.976 | R13: =VLOOKUP(J13,BULLONI,4,0) -> 0.0708 | S13: =O13*R13 -> 2.2656 | W13: =S13 -> 2.2656 | X13: =SUM(T13:W13) -> 2.2656
A14: Profilo pilastro motore | C14: IPE 140 | E14: IPE 140 / IPEA 140 | H14: PILASTRO MOTORE | I14: 9 | J14: 10BZM10X40 | K14: Bullone testa esagonale M10X40 | L14: BULLONERIA | O14: =N_MOT*8 -> 8 | P14: =VLOOKUP(J14,BULLONI,3,0) -> 0.0305 | Q14: =O14*P14 -> 0.244 | R14: =VLOOKUP(J14,BULLONI,4,0) -> 0.0708 | S14: =O14*R14 -> 0.5664 | W14: =S14 -> 0.5664 | X14: =SUM(T14:W14) -> 0.5664
A15: Lunghezza pilastro motore | C15: =L_CUSC-0.08 -> 2.22 | E15: m - automatico: = pilastro cuscinetto - 0,08 | H15: PILASTRO MOTORE | I15: 10 | J15: 10BZM16X60 | K15: Bullone testa esagonale M16X60 | L15: BULLONERIA | O15: =N_MOT*4 -> 4 | P15: =VLOOKUP(J15,BULLONI,3,0) -> 0.11 | Q15: =O15*P15 -> 0.44 | R15: =VLOOKUP(J15,BULLONI,4,0) -> 0.2967 | S15: =O15*R15 -> 1.1868 | W15: =S15 -> 1.1868 | X15: =SUM(T15:W15) -> 1.1868
A16: Profilo pilastro cuscinetto | C16: IPE 140 | E16: IPE 140 / IPEA 140 | H16: PILASTRO MOTORE | I16: 11 | J16: 10ROND10 | K16: Rondella zn da 10 | L16: BULLONERIA | O16: =IF(TIPO_IMPIANTO="Basso",N_MOT*16,N_MOT*80) -> 80 | P16: =VLOOKUP(J16,BULLONI,3,0) -> 0.0039 | Q16: =O16*P16 -> 0.312 | R16: =VLOOKUP(J16,BULLONI,4,0) -> 0.0092 | S16: =O16*R16 -> 0.736 | W16: =S16 -> 0.736 | X16: =SUM(T16:W16) -> 0.736
A17: Lunghezza pilastro cuscinetto | C17: 2.3 | E17: m - Agrivoltaico: da 2,30 · Basso: da 2,80 | H17: PILASTRO MOTORE | I17: 12 | J17: 10ROND16 | K17: Rondella zn da 16 | L17: BULLONERIA | O17: =N_MOT*8 -> 8 | P17: =VLOOKUP(J17,BULLONI,3,0) -> 0.0135 | Q17: =O17*P17 -> 0.108 | R17: =VLOOKUP(J17,BULLONI,4,0) -> 0.0309 | S17: =O17*R17 -> 0.2472 | W17: =S17 -> 0.2472 | X17: =SUM(T17:W17) -> 0.2472
A18: Asse di rotazione - spessore | C18: 2,5 mm | E18: 3,0 mm = 120x120x3 / 2,5 mm = 120x120x2,5 | H18: PILASTRO MOTORE | I18: 13 | J18: 10DAZAM10 | K18: Dado autobloccante M10 | L18: BULLONERIA | O18: =IF(TIPO_IMPIANTO="Basso",N_MOT*8,N_MOT*40) -> 40 | P18: =VLOOKUP(J18,BULLONI,3,0) -> 0.009 | Q18: =O18*P18 -> 0.36 | R18: =VLOOKUP(J18,BULLONI,4,0) -> 0.0265 | S18: =O18*R18 -> 1.06 | W18: =S18 -> 1.06 | X18: =SUM(T18:W18) -> 1.06
A19: Asse lato motore - lunghezza | C19: 8.7 | E19: m - asse lato motore, 22 moduli (2 assi) | H19: PILASTRO MOTORE | I19: 14 | J19: 10DAZAM16 | K19: Dado autobloccante M16 | L19: BULLONERIA | O19: =N_MOT*4 -> 4 | P19: =VLOOKUP(J19,BULLONI,3,0) -> 0.036 | Q19: =O19*P19 -> 0.144 | R19: =VLOOKUP(J19,BULLONI,4,0) -> 0.0882 | S19: =O19*R19 -> 0.3528 | W19: =S19 -> 0.3528 | X19: =SUM(T19:W19) -> 0.3528
A20: Omega supporto pannello | C20: OMEGA 2,0 | E20: OMEGA 2,0 / OMEGA 1,8 | H20: PILASTRO MOTORE | I20: 15 | J20: 15T-MOTORIDUTTORE | K20: Motoriduttore | L20: ELETTROMECCANICA | O20: =N_MOT*1 -> 1 | P20: =VLOOKUP(J20,ELETTROMECC,3,0) -> 50 | Q20: =O20*P20 -> 50 | R20: =VLOOKUP(J20,ELETTROMECC,6,0) -> 300 | S20: =O20*R20 -> 300 | W20: =S20 -> 300 | X20: =SUM(T20:W20) -> 300
A21: Maggiorazione zincatura | C21: 0.025 | E21: da SCHEDA STRUTTURA (su peso e su costo zincatura) | H21: PILASTRO MOTORE | I21: 16 | J21: 15T-QDSTMOTORE | K21: Quadro sotto motore | L21: ELETTROMECCANICA | O21: =N_MOT*1 -> 1 | P21: =VLOOKUP(J21,ELETTROMECC,3,0) -> 5 | Q21: =O21*P21 -> 5 | R21: =VLOOKUP(J21,ELETTROMECC,6,0) -> 160 | S21: =O21*R21 -> 160 | W21: =S21 -> 160 | X21: =SUM(T21:W21) -> 160
A22: Asse esterno - lunghezza | C22: 6.15 | E22: m - asse esterno 120x120, 22 moduli (2 assi) | H22: PILASTRO MOTORE | I22: 17 | J22: 10S-FC | K22: Finecorsa elettrico | L22: ELETTROMECCANICA | O22: =N_MOT*1 -> 1 | P22: =VLOOKUP(J22,ELETTROMECC,3,0) -> 0.8 | Q22: =O22*P22 -> 0.8 | R22: =VLOOKUP(J22,ELETTROMECC,6,0) -> 27 | S22: =O22*R22 -> 27 | W22: =S22 -> 27 | X22: =SUM(T22:W22) -> 27
A23: 3 · RIEPILOGO PESI E COSTI – TRACKER 22 MODULI | K23: ▸ PILASTRO MOTORE – TOTALE | Q23: =SUM(Q6:Q22) -> 143.42128 | S23: =SUM(S6:S22) -> 614.74848 | T23: =SUM(T6:T22) -> 78.81504 | U23: =SUM(U6:U22) -> 42.51864 | V23: =SUM(V6:V22) -> 11.42136 | W23: =SUM(W6:W22) -> 493.4148 | X23: =SUM(X6:X22) -> 626.16984
A24: Per blocco di assieme | C24: Peso (kg) | D24: Costo (€) | E24: Prezzo finale (€) | H24: PILASTRO CUSCINETTO | I24: 1 | J24: ="TTS.PF.001."&IF(PROF_FOND="IPEA 140","IPEA140","IPE140")&"."&TEXT(INT(L_FOND*10+0.05),"00") -> TTS.PF.001.IPE140.30 | K24: ="Pilastro fondazione trave "&PROF_FOND&" mt."&TEXT(L_FOND,"0.00") -> Pilastro fondazione trave IPE 140 mt.003 | L24: STRUTTURA | M24: =PROF_FOND -> IPE 140 | N24: =L_FOND -> 3 | O24: =IF(TIPO_IMPIANTO="Basso",0,N_CUSC*1) -> 4 | P24: =N24*VLOOKUP(M24,PROFILI,4,0) -> 39.6675 | Q24: =O24*P24 -> 158.67 | R24: =P24/(1+VLOOKUP(M24,PROFILI,3,0))*VLOOKUP(M24,PROFILI,5,0)+IF(VLOOKUP(M24,PROFILI,6,0)=0,0,P24*VLOOKUP(M24,PROFILI,6,0)) -> 56.59875 | S24: =O24*R24 -> 226.395 | T24: =O24*N24*VLOOKUP(M24,PROFILI,8,0) -> 147.06 | U24: =O24*N24*VLOOKUP(M24,PROFILI,9,0) -> 79.335 | V24: =O24*N24*VLOOKUP(M24,PROFILI,12,0) -> 15.48 | X24: =SUM(T24:W24) -> 241.875
A25: PILASTRO MOTORE | C25: =SUMIF($H$6:$H$85,"PILASTRO MOTORE",$Q$6:$Q$85) -> 143.42128 | D25: =SUMIF($H$6:$H$85,"PILASTRO MOTORE",$S$6:$S$85) -> 614.74848 | E25: =SUMIF($H$6:$H$85,"PILASTRO MOTORE",$X$6:$X$85) -> 626.16984 | H25: PILASTRO CUSCINETTO | I25: 2 | J25: ="TTS.PC.001."&IF(PROF_CUSC="IPEA 140","IPEA140","IPE140")&"."&TEXT(INT(L_CUSC*10+0.05),"00") -> TTS.PC.001.IPE140.23 | K25: ="Pilastro cuscinetto trave "&PROF_CUSC&" mt."&TEXT(L_CUSC,"0.00") -> Pilastro cuscinetto trave IPE 140 mt.002 | L25: STRUTTURA | M25: =PROF_CUSC -> IPE 140 | N25: =L_CUSC -> 2.3 | O25: =N_CUSC*1 -> 4 | P25: =N25*VLOOKUP(M25,PROFILI,4,0) -> 30.41175 | Q25: =O25*P25 -> 121.647 | R25: =P25/(1+VLOOKUP(M25,PROFILI,3,0))*VLOOKUP(M25,PROFILI,5,0)+IF(VLOOKUP(M25,PROFILI,6,0)=0,0,P25*VLOOKUP(M25,PROFILI,6,0)) -> 43.392375 | S25: =O25*R25 -> 173.5695 | T25: =O25*N25*VLOOKUP(M25,PROFILI,8,0) -> 112.746 | U25: =O25*N25*VLOOKUP(M25,PROFILI,9,0) -> 60.8235 | V25: =O25*N25*VLOOKUP(M25,PROFILI,12,0) -> 11.868 | X25: =SUM(T25:W25) -> 185.4375
A26: PILASTRO CUSCINETTO | C26: =SUMIF($H$6:$H$85,"PILASTRO CUSCINETTO",$Q$6:$Q$85) -> 346.21288 | D26: =SUMIF($H$6:$H$85,"PILASTRO CUSCINETTO",$S$6:$S$85) -> 542.38068 | E26: =SUMIF($H$6:$H$85,"PILASTRO CUSCINETTO",$X$6:$X$85) -> 582.89844 | H26: PILASTRO CUSCINETTO | I26: 3 | J26: TTS.PF.002.IPE140 | K26: Piastra giunzione montanti centrali 200x100x4 (8 fori Ø11) | L26: PEZZI SPECIALI | M26: Lamiera 4mm | O26: =IF(TIPO_IMPIANTO="Basso",0,N_CUSC*2) -> 8 | P26: =VLOOKUP(J26,PEZZI,7,0) -> 0.6396 | Q26: =O26*P26 -> 5.1168 | R26: =VLOOKUP(J26,PEZZI,10,0) -> 0.9126 | S26: =O26*R26 -> 7.3008 | T26: =O26*VLOOKUP(J26,PEZZI,8,0) -> 4.7424 | U26: =O26*VLOOKUP(J26,PEZZI,9,0) -> 2.5584 | V26: =O26*VLOOKUP(J26,PEZZI,12,0) -> 1.4976 | X26: =SUM(T26:W26) -> 8.7984
A27: ASSI DI ROTAZIONE 1303 | C27: =SUMIF($H$6:$H$85,"ASSI DI ROTAZIONE 1303",$Q$6:$Q$85) -> 301.7508 | D27: =SUMIF($H$6:$H$85,"ASSI DI ROTAZIONE 1303",$S$6:$S$85) -> 377.904 | E27: =SUMIF($H$6:$H$85,"ASSI DI ROTAZIONE 1303",$X$6:$X$85) -> 465.96 | H27: PILASTRO CUSCINETTO | I27: 4 | J27: TTS.PF.003.IPE140 | K27: Piastra giunzione montanti esterna 240x70x6 (12 fori Ø11) | L27: PEZZI SPECIALI | M27: Lamiera 6mm | O27: =IF(TIPO_IMPIANTO="Basso",0,N_CUSC*2) -> 8 | P27: =VLOOKUP(J27,PEZZI,7,0) -> 0.805855 | Q27: =O27*P27 -> 6.44684 | R27: =VLOOKUP(J27,PEZZI,10,0) -> 1.1498175 | S27: =O27*R27 -> 9.19854 | T27: =O27*VLOOKUP(J27,PEZZI,8,0) -> 5.97512 | U27: =O27*VLOOKUP(J27,PEZZI,9,0) -> 3.22342 | V27: =O27*VLOOKUP(J27,PEZZI,12,0) -> 1.88688 | X27: =SUM(T27:W27) -> 11.08542
A28: KIT OMEGA + PANNELLI | C28: =SUMIF($H$6:$H$85,"KIT OMEGA + PANNELLI",$Q$6:$Q$85) -> 253.39956 | D28: =SUMIF($H$6:$H$85,"KIT OMEGA + PANNELLI",$S$6:$S$85) -> 304.35615 | E28: =SUMIF($H$6:$H$85,"KIT OMEGA + PANNELLI",$X$6:$X$85) -> 373.93407 | H28: PILASTRO CUSCINETTO | I28: 5 | J28: TTS.PF.004.IPE140 | K28: Piastra giunzione montanti interna 240x25x6 (6 fori Ø11) | L28: PEZZI SPECIALI | M28: Lamiera 6mm | O28: =IF(TIPO_IMPIANTO="Basso",0,N_CUSC*4) -> 16 | P28: =VLOOKUP(J28,PEZZI,7,0) -> 0.28782 | Q28: =O28*P28 -> 4.60512 | R28: =VLOOKUP(J28,PEZZI,10,0) -> 0.41067 | S28: =O28*R28 -> 6.57072 | T28: =O28*VLOOKUP(J28,PEZZI,8,0) -> 4.26816 | U28: =O28*VLOOKUP(J28,PEZZI,9,0) -> 2.30256 | V28: =O28*VLOOKUP(J28,PEZZI,12,0) -> 1.34784 | X28: =SUM(T28:W28) -> 7.91856
A29: KIT INCLINOMETRO | C29: =SUMIF($H$6:$H$85,"KIT INCLINOMETRO",$Q$6:$Q$85) -> 5.64077 | D29: =SUMIF($H$6:$H$85,"KIT INCLINOMETRO",$S$6:$S$85) -> 176.39525 | E29: =SUMIF($H$6:$H$85,"KIT INCLINOMETRO",$X$6:$X$85) -> 177.53249 | H29: PILASTRO CUSCINETTO | I29: 6 | J29: TTS.PC.002.IPE140 | K29: Supporto laterale testa cuscinetto | L29: STRUTTURA | M29: Tubo quadro80x80x 6 | O29: =N_CUSC*2 -> 8 | P29: =VLOOKUP(J29,PEZZI_STRUTT,7,0) -> 2.20662 | Q29: =O29*P29 -> 17.65296 | R29: =VLOOKUP(J29,PEZZI_STRUTT,10,0) -> 3.14847 | S29: =O29*R29 -> 25.18776 | T29: =O29*VLOOKUP(J29,PEZZI_STRUTT,8,0) -> 16.36128 | U29: =O29*VLOOKUP(J29,PEZZI_STRUTT,9,0) -> 8.82648 | V29: =O29*VLOOKUP(J29,PEZZI_STRUTT,12,0) -> 5.16672 | X29: =SUM(T29:W29) -> 30.35448
A30: QUADRO AREA A | C30: =SUMIF($H$6:$H$85,"QUADRO AREA A",$Q$6:$Q$85) -> 15 | D30: =SUMIF($H$6:$H$85,"QUADRO AREA A",$S$6:$S$85) -> 1000 | E30: =SUMIF($H$6:$H$85,"QUADRO AREA A",$X$6:$X$85) -> 1000 | H30: PILASTRO CUSCINETTO | I30: 7 | J30: TTS.PC.003.IPE140 | K30: Supporto testa cuscinetto | L30: STRUTTURA | M30: Lamiera 6mm | O30: =N_CUSC*1 -> 4 | P30: =VLOOKUP(J30,PEZZI_STRUTT,7,0) -> 2.79374 | Q30: =O30*P30 -> 11.17496 | R30: =VLOOKUP(J30,PEZZI_STRUTT,10,0) -> 3.98619 | S30: =O30*R30 -> 15.94476 | T30: =O30*VLOOKUP(J30,PEZZI_STRUTT,8,0) -> 10.35728 | U30: =O30*VLOOKUP(J30,PEZZI_STRUTT,9,0) -> 5.58748 | V30: =O30*VLOOKUP(J30,PEZZI_STRUTT,12,0) -> 3.27072 | X30: =SUM(T30:W30) -> 19.21548
H31: PILASTRO CUSCINETTO | I31: 8 | J31: 10BZ10X30 | K31: Bullone testa esagonale M10X30 | L31: BULLONERIA | O31: =N_CUSC*4 -> 16 | P31: =VLOOKUP(J31,BULLONI,3,0) -> 0.0245 | Q31: =O31*P31 -> 0.392 | R31: =VLOOKUP(J31,BULLONI,4,0) -> 0.0634 | S31: =O31*R31 -> 1.0144 | W31: =S31 -> 1.0144 | X31: =SUM(T31:W31) -> 1.0144
A32: Per categoria componente | C32: Peso (kg) | D32: Costo (€) | E32: Prezzo finale (€) | H32: PILASTRO CUSCINETTO | I32: 9 | J32: 10BZ16X140 | K32: Bullone testa esagonale M16x140 mezzo filetto | L32: BULLONERIA | O32: =N_CUSC*2 -> 8 | P32: =VLOOKUP(J32,BULLONI,3,0) -> 0.21 | Q32: =O32*P32 -> 1.68 | R32: =VLOOKUP(J32,BULLONI,4,0) -> 0.5589 | S32: =O32*R32 -> 4.4712 | W32: =S32 -> 4.4712 | X32: =SUM(T32:W32) -> 4.4712
A33: STRUTTURA | C33: =SUMIF($L$6:$L$85,"STRUTTURA",$Q$6:$Q$85) -> 928.72257 | D33: =SUMIF($L$6:$L$85,"STRUTTURA",$S$6:$S$85) -> 1186.9403 | E33: =SUMIF($L$6:$L$85,"STRUTTURA",$X$6:$X$85) -> 1390.598 | H33: PILASTRO CUSCINETTO | I33: 10 | J33: 10BZM10X40 | K33: Bullone testa esagonale M10X40 | L33: BULLONERIA | O33: =IF(TIPO_IMPIANTO="Basso",0,N_CUSC*32) -> 128 | P33: =VLOOKUP(J33,BULLONI,3,0) -> 0.0305 | Q33: =O33*P33 -> 3.904 | R33: =VLOOKUP(J33,BULLONI,4,0) -> 0.0708 | S33: =O33*R33 -> 9.0624 | W33: =S33 -> 9.0624 | X33: =SUM(T33:W33) -> 9.0624
A34: PEZZI SPECIALI | C34: =SUMIF($L$6:$L$85,"PEZZI SPECIALI",$Q$6:$Q$85) -> 24.09652 | D34: =SUMIF($L$6:$L$85,"PEZZI SPECIALI",$S$6:$S$85) -> 34.38162 | E34: =SUMIF($L$6:$L$85,"PEZZI SPECIALI",$X$6:$X$85) -> 41.43426 | H34: PILASTRO CUSCINETTO | I34: 11 | J34: 10ROND10 | K34: Rondella zn da 10 | L34: BULLONERIA | O34: =IF(TIPO_IMPIANTO="Basso",N_CUSC*8,N_CUSC*72) -> 288 | P34: =VLOOKUP(J34,BULLONI,3,0) -> 0.0039 | Q34: =O34*P34 -> 1.1232 | R34: =VLOOKUP(J34,BULLONI,4,0) -> 0.0092 | S34: =O34*R34 -> 2.6496 | W34: =S34 -> 2.6496 | X34: =SUM(T34:W34) -> 2.6496
A35: BULLONERIA | C35: =SUMIF($L$6:$L$85,"BULLONERIA",$Q$6:$Q$85) -> 28.3062 | D35: =SUMIF($L$6:$L$85,"BULLONERIA",$S$6:$S$85) -> 81.4626 | E35: =SUMIF($L$6:$L$85,"BULLONERIA",$X$6:$X$85) -> 81.4626 | H35: PILASTRO CUSCINETTO | I35: 12 | J35: 10ROND16 | K35: Rondella zn da 16 | L35: BULLONERIA | O35: =N_CUSC*4 -> 16 | P35: =VLOOKUP(J35,BULLONI,3,0) -> 0.0135 | Q35: =O35*P35 -> 0.216 | R35: =VLOOKUP(J35,BULLONI,4,0) -> 0.0309 | S35: =O35*R35 -> 0.4944 | W35: =S35 -> 0.4944 | X35: =SUM(T35:W35) -> 0.4944
A36: ELETTROMECCANICA | C36: =SUMIF($L$6:$L$85,"ELETTROMECCANICA",$Q$6:$Q$85) -> 84.3 | D36: =SUMIF($L$6:$L$85,"ELETTROMECCANICA",$S$6:$S$85) -> 1713 | E36: =SUMIF($L$6:$L$85,"ELETTROMECCANICA",$X$6:$X$85) -> 1713 | H36: PILASTRO CUSCINETTO | I36: 13 | J36: 10DAZAM10 | K36: Dado autobloccante M10 | L36: BULLONERIA | O36: =IF(TIPO_IMPIANTO="Basso",N_CUSC*4,N_CUSC*36) -> 144 | P36: =VLOOKUP(J36,BULLONI,3,0) -> 0.009 | Q36: =O36*P36 -> 1.296 | R36: =VLOOKUP(J36,BULLONI,4,0) -> 0.0265 | S36: =O36*R36 -> 3.816 | W36: =S36 -> 3.816 | X36: =SUM(T36:W36) -> 3.816
H37: PILASTRO CUSCINETTO | I37: 14 | J37: 10DAZAM16 | K37: Dado autobloccante M16 | L37: BULLONERIA | O37: =N_CUSC*2 -> 8 | P37: =VLOOKUP(J37,BULLONI,3,0) -> 0.036 | Q37: =O37*P37 -> 0.288 | R37: =VLOOKUP(J37,BULLONI,4,0) -> 0.0882 | S37: =O37*R37 -> 0.7056 | W37: =S37 -> 0.7056 | X37: =SUM(T37:W37) -> 0.7056
A38: TOTALE TRACKER 22 MODULI | C38: =SUM(C33:C36) -> 1065.4253 | D38: =SUM(D33:D36) -> 3015.7846 | E38: =SUM(E33:E36) -> 3226.4948 | H38: PILASTRO CUSCINETTO | I38: 15 | J38: 15T-CUSCINETTO | K38: Cuscinetto asse di rotazione | L38: ELETTROMECCANICA | O38: =N_CUSC*1 -> 4 | P38: =VLOOKUP(J38,ELETTROMECC,3,0) -> 3 | Q38: =O38*P38 -> 12 | R38: =VLOOKUP(J38,ELETTROMECC,6,0) -> 14 | S38: =O38*R38 -> 56 | W38: =S38 -> 56 | X38: =SUM(T38:W38) -> 56
A39: verifica (somma blocchi): | C39: =SUM(C25:C31) -> 1065.4253 | D39: =SUM(D25:D31) -> 3015.7846 | E39: =SUM(E25:E31) -> 3226.4948 | K39: ▸ PILASTRO CUSCINETTO – TOTALE | Q39: =SUM(Q24:Q38) -> 346.21288 | S39: =SUM(S24:S38) -> 542.38068 | T39: =SUM(T24:T38) -> 301.51024 | U39: =SUM(U24:U38) -> 162.65684 | V39: =SUM(V24:V38) -> 40.51776 | W39: =SUM(W24:W38) -> 78.2136 | X39: =SUM(X24:X38) -> 582.89844
A40: di cui BULLONERIA: | C40: =SUMIF($L$6:$L$85,"BULLONERIA",$Q$6:$Q$85) -> 28.3062 | E40: =SUMIF($L$6:$L$85,"BULLONERIA",$X$6:$X$85) -> 81.4626 | H40: ASSI DI ROTAZIONE 1303 | I40: 1 | J40: =IF(SPES_ASSE="2,5 mm","TTS.AR.001.8700.25","TTS.AR.001.8700") -> TTS.AR.001.8700.25 | K40: ="Asse lato motore 120x120x"&IF(SPES_ASSE="2,5 mm","2,5","3")&" mm lungh. mt."&TEXT(L_ASSE,"0.00") -> Asse lato motore 120x120x2,5 mm lungh. mt.009 | L40: STRUTTURA | M40: =IF(SPES_ASSE="2,5 mm","ASSE 120x120x2,5","ASSE 120x120x3") -> ASSE 120x120x2,5 | N40: =L_ASSE -> 8.7 | O40: 2 | P40: =N40*VLOOKUP(M40,PROFILI,4,0) -> 82.041 | Q40: =O40*P40 -> 164.082 | R40: =P40/(1+VLOOKUP(M40,PROFILI,3,0))*VLOOKUP(M40,PROFILI,5,0)+IF(VLOOKUP(M40,PROFILI,6,0)=0,0,P40*VLOOKUP(M40,PROFILI,6,0)) -> 100.05 | S40: =O40*R40 -> 200.1 | T40: =O40*N40*VLOOKUP(M40,PROFILI,8,0) -> 200.1 | U40: =O40*N40*VLOOKUP(M40,PROFILI,9,0) -> 0 | V40: =O40*N40*VLOOKUP(M40,PROFILI,12,0) -> 48.024 | X40: =SUM(T40:W40) -> 248.124
H41: ASSI DI ROTAZIONE 1303 | I41: 2 | J41: =IF(SPES_ASSE="2,5 mm","TTS.AR.002.6150.25","TTS.AR.002.6150") -> TTS.AR.002.6150.25 | K41: ="Asse esterno 120x120x"&IF(SPES_ASSE="2,5 mm","2,5","3")&" mm lungh. mt."&TEXT(L_ASSE_EXT,"0.00") -> Asse esterno 120x120x2,5 mm lungh. mt.006 | L41: STRUTTURA | M41: =IF(SPES_ASSE="2,5 mm","ASSE 120x120x2,5","ASSE 120x120x3") -> ASSE 120x120x2,5 | N41: =L_ASSE_EXT -> 6.15 | O41: 2 | P41: =N41*VLOOKUP(M41,PROFILI,4,0) -> 57.9945 | Q41: =O41*P41 -> 115.989 | R41: =P41/(1+VLOOKUP(M41,PROFILI,3,0))*VLOOKUP(M41,PROFILI,5,0)+IF(VLOOKUP(M41,PROFILI,6,0)=0,0,P41*VLOOKUP(M41,PROFILI,6,0)) -> 70.725 | S41: =O41*R41 -> 141.45 | T41: =O41*N41*VLOOKUP(M41,PROFILI,8,0) -> 141.45 | U41: =O41*N41*VLOOKUP(M41,PROFILI,9,0) -> 0 | V41: =O41*N41*VLOOKUP(M41,PROFILI,12,0) -> 33.948 | X41: =SUM(T41:W41) -> 175.398
A42: Note: | H42: ASSI DI ROTAZIONE 1303 | I42: 3 | J42: TTS.AR.2011 | K42: Gaffa giunzione asse | L42: STRUTTURA | M42: GAFFA GIUNZIONE ASSE | N42: 1 | O42: 4 | P42: =N42*VLOOKUP(M42,PROFILI,4,0) -> 5.19675 | Q42: =O42*P42 -> 20.787 | R42: =P42/(1+VLOOKUP(M42,PROFILI,3,0))*VLOOKUP(M42,PROFILI,5,0)+IF(VLOOKUP(M42,PROFILI,6,0)=0,0,P42*VLOOKUP(M42,PROFILI,6,0)) -> 8.4669 | S42: =O42*R42 -> 33.8676 | T42: =O42*N42*VLOOKUP(M42,PROFILI,8,0) -> 17.238 | U42: =O42*N42*VLOOKUP(M42,PROFILI,9,0) -> 16.6296 | V42: =O42*N42*VLOOKUP(M42,PROFILI,12,0) -> 6.084 | X42: =SUM(T42:W42) -> 39.9516
A43: - Quantita' riferite al tracker 22 moduli (distinta materiali rev.3 + DISTINTA COMPLETA, col. 'Q.ta 22 mod'). | H43: ASSI DI ROTAZIONE 1303 | I43: 4 | J43: 10BZM8X150 | K43: Bullone testa esagonale zn M8X150 | L43: BULLONERIA | O43: 4 | P43: =VLOOKUP(J43,BULLONI,3,0) -> 0.049 | Q43: =O43*P43 -> 0.196 | R43: =VLOOKUP(J43,BULLONI,4,0) -> 0.1659 | S43: =O43*R43 -> 0.6636 | W43: =S43 -> 0.6636 | X43: =SUM(T43:W43) -> 0.6636
A44: - Il configuratore cambia profilo (IPE/IPEA), spessore asse (3,0/2,5), tipo omega (2,0/1,8), tipo impianto e lunghezze: peso e prezzo si ricalcolano, le quantita' restano quelle dei 22 moduli. | H44: ASSI DI ROTAZIONE 1303 | I44: 5 | J44: 10ROND8 | K44: Rondella zn 8 | L44: BULLONERIA | O44: 8 | P44: =VLOOKUP(J44,BULLONI,3,0) -> 0.0021 | Q44: =O44*P44 -> 0.0168 | R44: =VLOOKUP(J44,BULLONI,4,0) -> 0.0049 | S44: =O44*R44 -> 0.0392 | W44: =S44 -> 0.0392 | X44: =SUM(T44:W44) -> 0.0392
A45: - Prezzi bulloneria = 0 finche' non si compila la colonna Costo (EUR/pz) nel foglio DATI-BULLONERIA. | H45: ASSI DI ROTAZIONE 1303 | I45: 6 | J45: 10DAZAM8 | K45: Dado autobloccante M8 | L45: BULLONERIA | O45: 4 | P45: =VLOOKUP(J45,BULLONI,3,0) -> 0.0048 | Q45: =O45*P45 -> 0.0192 | R45: =VLOOKUP(J45,BULLONI,4,0) -> 0.0127 | S45: =O45*R45 -> 0.0508 | W45: =S45 -> 0.0508 | X45: =SUM(T45:W45) -> 0.0508
A46: - Motoriduttore, inclinometro, cuscinetto e quadro sotto motore: peso/prezzo dal foglio DATI-ELETTROMECCANICA (15T-INCLINOMETRO = 170 €/pz, 1,5 kg). | H46: ASSI DI ROTAZIONE 1303 | I46: 7 | J46: 10BZM10X30 | K46: Bullone testa esagonale zn M10X30 | L46: BULLONERIA | O46: 16 | P46: =VLOOKUP(J46,BULLONI,3,0) -> 0.0245 | Q46: =O46*P46 -> 0.392 | R46: =VLOOKUP(J46,BULLONI,4,0) -> 0.0634 | S46: =O46*R46 -> 1.0144 | W46: =S46 -> 1.0144 | X46: =SUM(T46:W46) -> 1.0144
A47: - Esclusi in questa fase: box, sensori meteo, moduli FV, kit fine corsa. | H47: ASSI DI ROTAZIONE 1303 | I47: 8 | J47: 10ROND10 | K47: Rondella zn 10 | L47: BULLONERIA | O47: 32 | P47: =VLOOKUP(J47,BULLONI,3,0) -> 0.0039 | Q47: =O47*P47 -> 0.1248 | R47: =VLOOKUP(J47,BULLONI,4,0) -> 0.0092 | S47: =O47*R47 -> 0.2944 | W47: =S47 -> 0.2944 | X47: =SUM(T47:W47) -> 0.2944
A48: - Quadro Area A: componente di area (non per singolo tracker), quantita' fissa = 1 per tracker; peso/prezzo dal foglio DATI-ELETTROMECCANICA (peso da compilare). | H48: ASSI DI ROTAZIONE 1303 | I48: 9 | J48: 10DAZAM10 | K48: Dado autobloccante M10 | L48: BULLONERIA | O48: 16 | P48: =VLOOKUP(J48,BULLONI,3,0) -> 0.009 | Q48: =O48*P48 -> 0.144 | R48: =VLOOKUP(J48,BULLONI,4,0) -> 0.0265 | S48: =O48*R48 -> 0.424 | W48: =S48 -> 0.424 | X48: =SUM(T48:W48) -> 0.424
K49: ▸ ASSI DI ROTAZIONE 1303 – TOTALE | Q49: =SUM(Q40:Q48) -> 301.7508 | S49: =SUM(S40:S48) -> 377.904 | T49: =SUM(T40:T48) -> 358.788 | U49: =SUM(U40:U48) -> 16.6296 | V49: =SUM(V40:V48) -> 88.056 | W49: =SUM(W40:W48) -> 2.4864 | X49: =SUM(X40:X48) -> 465.96
H50: KIT OMEGA + PANNELLI | I50: 1 | J50: =IF(PROF_OMEGA="OMEGA 1,8","TTS.AR.3014.18","TTS.AR.3014") -> TTS.AR.3014 | K50: ="Omega supporto pannello"&IF(PROF_OMEGA="OMEGA 1,8"," mm1,8","") -> Omega supporto pannello | L50: STRUTTURA | M50: =PROF_OMEGA -> OMEGA 2,0 | N50: 1.5 | O50: =N_OMEGA*1 -> 24 | P50: =N50*VLOOKUP(M50,PROFILI,4,0) -> 5.99625 | Q50: =O50*P50 -> 143.91 | R50: =P50/(1+VLOOKUP(M50,PROFILI,3,0))*VLOOKUP(M50,PROFILI,5,0)+IF(VLOOKUP(M50,PROFILI,6,0)=0,0,P50*VLOOKUP(M50,PROFILI,6,0)) -> 5.5575 | S50: =O50*R50 -> 133.38 | T50: =O50*N50*VLOOKUP(M50,PROFILI,8,0) -> 133.38 | U50: =O50*N50*VLOOKUP(M50,PROFILI,9,0) -> 0 | V50: =O50*N50*VLOOKUP(M50,PROFILI,12,0) -> 42.12 | X50: =SUM(T50:W50) -> 175.5
H51: KIT OMEGA + PANNELLI | I51: 2 | J51: TTS.AR.3011 | K51: Supporto a L superiore omega | L51: STRUTTURA | M51: SUPPORTO L | N51: 0.63 | O51: =N_OMEGA*2 -> 48 | P51: =N51*VLOOKUP(M51,PROFILI,4,0) -> 0.87822 | Q51: =O51*P51 -> 42.15456 | R51: =P51/(1+VLOOKUP(M51,PROFILI,3,0))*VLOOKUP(M51,PROFILI,5,0)+IF(VLOOKUP(M51,PROFILI,6,0)=0,0,P51*VLOOKUP(M51,PROFILI,6,0)) -> 1.011024 | S51: =O51*R51 -> 48.529152 | T51: =O51*N51*VLOOKUP(M51,PROFILI,8,0) -> 48.529152 | U51: =O51*N51*VLOOKUP(M51,PROFILI,9,0) -> 0 | V51: =O51*N51*VLOOKUP(M51,PROFILI,12,0) -> 12.33792 | X51: =SUM(T51:W51) -> 60.867072
H52: KIT OMEGA + PANNELLI | I52: 3 | J52: TTS.AR.3012 | K52: Supporto a V inferiore omega | L52: STRUTTURA | M52: SUPPORTO V | N52: 1 | O52: =N_OMEGA*2 -> 48 | P52: =N52*VLOOKUP(M52,PROFILI,4,0) -> 0.42025 | Q52: =O52*P52 -> 20.172 | R52: =P52/(1+VLOOKUP(M52,PROFILI,3,0))*VLOOKUP(M52,PROFILI,5,0)+IF(VLOOKUP(M52,PROFILI,6,0)=0,0,P52*VLOOKUP(M52,PROFILI,6,0)) -> 0.451 | S52: =O52*R52 -> 21.648 | T52: =O52*N52*VLOOKUP(M52,PROFILI,8,0) -> 21.648 | U52: =O52*N52*VLOOKUP(M52,PROFILI,9,0) -> 0 | V52: =O52*N52*VLOOKUP(M52,PROFILI,12,0) -> 5.904 | X52: =SUM(T52:W52) -> 27.552
H53: KIT OMEGA + PANNELLI | I53: 4 | J53: TTS.AR.3013 | K53: Gaffa sotto omega | L53: STRUTTURA | M53: GAFFA | N53: 1 | O53: =N_OMEGA*1 -> 24 | P53: =N53*VLOOKUP(M53,PROFILI,4,0) -> 1.312 | Q53: =O53*P53 -> 31.488 | R53: =P53/(1+VLOOKUP(M53,PROFILI,3,0))*VLOOKUP(M53,PROFILI,5,0)+IF(VLOOKUP(M53,PROFILI,6,0)=0,0,P53*VLOOKUP(M53,PROFILI,6,0)) -> 2.1376 | S53: =O53*R53 -> 51.3024 | T53: =O53*N53*VLOOKUP(M53,PROFILI,8,0) -> 26.112 | U53: =O53*N53*VLOOKUP(M53,PROFILI,9,0) -> 25.1904 | V53: =O53*N53*VLOOKUP(M53,PROFILI,12,0) -> 9.216 | X53: =SUM(T53:W53) -> 60.5184
